mtllib pet_g.mtl
# Pet G procedural companion fallback mesh
v 0.00000 0.00000 2.37000
v 0.00000 0.00000 2.37000
v 0.00000 0.00000 2.37000
v 0.00000 0.00000 2.37000
v 0.00000 0.00000 2.37000
v 0.00000 0.00000 2.37000
v 0.00000 0.00000 2.37000
v 0.00000 0.00000 2.37000
v 0.00000 0.00000 2.37000
v 0.00000 0.00000 2.37000
v 0.00000 0.00000 2.37000
v 0.00000 0.00000 2.37000
v 0.00000 0.00000 2.37000
v 0.00000 0.00000 2.37000
v 0.00000 0.00000 2.37000
v 0.00000 0.00000 2.37000
v 0.00000 0.00000 2.37000
v 0.00000 0.00000 2.37000
v 0.00000 0.00000 2.37000
v 0.00000 0.00000 2.37000
v 0.00000 0.00000 2.37000
v 0.00000 0.00000 2.37000
v 0.00000 0.00000 2.37000
v 0.00000 0.00000 2.37000
v 0.00000 0.00000 2.37000
v 0.00000 0.00000 2.37000
v 0.00000 0.00000 2.37000
v 0.00000 0.00000 2.37000
v 0.00000 0.00000 2.37000
v 0.00000 0.00000 2.37000
v 0.00000 0.00000 2.37000
v 0.00000 0.00000 2.37000
v 0.12503 0.00000 2.35602
v 0.12262 0.01762 2.35602
v 0.11551 0.03456 2.35602
v 0.10396 0.05017 2.35602
v 0.08841 0.06385 2.35602
v 0.06946 0.07508 2.35602
v 0.04785 0.08342 2.35602
v 0.02439 0.08856 2.35602
v 0.00000 0.09030 2.35602
v -0.02439 0.08856 2.35602
v -0.04785 0.08342 2.35602
v -0.06946 0.07508 2.35602
v -0.08841 0.06385 2.35602
v -0.10396 0.05017 2.35602
v -0.11551 0.03456 2.35602
v -0.12262 0.01762 2.35602
v -0.12503 0.00000 2.35602
v -0.12262 -0.01762 2.35602
v -0.11551 -0.03456 2.35602
v -0.10396 -0.05017 2.35602
v -0.08841 -0.06385 2.35602
v -0.06946 -0.07508 2.35602
v -0.04785 -0.08342 2.35602
v -0.02439 -0.08856 2.35602
v -0.00000 -0.09030 2.35602
v 0.02439 -0.08856 2.35602
v 0.04785 -0.08342 2.35602
v 0.06946 -0.07508 2.35602
v 0.08841 -0.06385 2.35602
v 0.10396 -0.05017 2.35602
v 0.11551 -0.03456 2.35602
v 0.12262 -0.01762 2.35602
v 0.24625 0.00000 2.31452
v 0.24152 0.03470 2.31452
v 0.22751 0.06806 2.31452
v 0.20475 0.09881 2.31452
v 0.17413 0.12576 2.31452
v 0.13681 0.14788 2.31452
v 0.09424 0.16431 2.31452
v 0.04804 0.17443 2.31452
v 0.00000 0.17785 2.31452
v -0.04804 0.17443 2.31452
v -0.09424 0.16431 2.31452
v -0.13681 0.14788 2.31452
v -0.17413 0.12576 2.31452
v -0.20475 0.09881 2.31452
v -0.22751 0.06806 2.31452
v -0.24152 0.03470 2.31452
v -0.24625 0.00000 2.31452
v -0.24152 -0.03470 2.31452
v -0.22751 -0.06806 2.31452
v -0.20475 -0.09881 2.31452
v -0.17413 -0.12576 2.31452
v -0.13681 -0.14788 2.31452
v -0.09424 -0.16431 2.31452
v -0.04804 -0.17443 2.31452
v -0.00000 -0.17785 2.31452
v 0.04804 -0.17443 2.31452
v 0.09424 -0.16431 2.31452
v 0.13681 -0.14788 2.31452
v 0.17413 -0.12576 2.31452
v 0.20475 -0.09881 2.31452
v 0.22751 -0.06806 2.31452
v 0.24152 -0.03470 2.31452
v 0.36000 0.00000 2.24674
v 0.35308 0.05072 2.24674
v 0.33260 0.09950 2.24674
v 0.29933 0.14445 2.24674
v 0.25456 0.18385 2.24674
v 0.20001 0.21618 2.24674
v 0.13777 0.24021 2.24674
v 0.07023 0.25500 2.24674
v 0.00000 0.26000 2.24674
v -0.07023 0.25500 2.24674
v -0.13777 0.24021 2.24674
v -0.20001 0.21618 2.24674
v -0.25456 0.18385 2.24674
v -0.29933 0.14445 2.24674
v -0.33260 0.09950 2.24674
v -0.35308 0.05072 2.24674
v -0.36000 0.00000 2.24674
v -0.35308 -0.05072 2.24674
v -0.33260 -0.09950 2.24674
v -0.29933 -0.14445 2.24674
v -0.25456 -0.18385 2.24674
v -0.20001 -0.21618 2.24674
v -0.13777 -0.24021 2.24674
v -0.07023 -0.25500 2.24674
v -0.00000 -0.26000 2.24674
v 0.07023 -0.25500 2.24674
v 0.13777 -0.24021 2.24674
v 0.20001 -0.21618 2.24674
v 0.25456 -0.18385 2.24674
v 0.29933 -0.14445 2.24674
v 0.33260 -0.09950 2.24674
v 0.35308 -0.05072 2.24674
v 0.46281 0.00000 2.15476
v 0.45391 0.06521 2.15476
v 0.42758 0.12791 2.15476
v 0.38481 0.18570 2.15476
v 0.32725 0.23635 2.15476
v 0.25712 0.27792 2.15476
v 0.17711 0.30881 2.15476
v 0.09029 0.32783 2.15476
v 0.00000 0.33425 2.15476
v -0.09029 0.32783 2.15476
v -0.17711 0.30881 2.15476
v -0.25712 0.27792 2.15476
v -0.32725 0.23635 2.15476
v -0.38481 0.18570 2.15476
v -0.42758 0.12791 2.15476
v -0.45391 0.06521 2.15476
v -0.46281 0.00000 2.15476
v -0.45391 -0.06521 2.15476
v -0.42758 -0.12791 2.15476
v -0.38481 -0.18570 2.15476
v -0.32725 -0.23635 2.15476
v -0.25712 -0.27792 2.15476
v -0.17711 -0.30881 2.15476
v -0.09029 -0.32783 2.15476
v -0.00000 -0.33425 2.15476
v 0.09029 -0.32783 2.15476
v 0.17711 -0.30881 2.15476
v 0.25712 -0.27792 2.15476
v 0.32725 -0.23635 2.15476
v 0.38481 -0.18570 2.15476
v 0.42758 -0.12791 2.15476
v 0.45391 -0.06521 2.15476
v 0.55155 0.00000 2.04136
v 0.54095 0.07771 2.04136
v 0.50957 0.15244 2.04136
v 0.45860 0.22131 2.04136
v 0.39001 0.28167 2.04136
v 0.30643 0.33121 2.04136
v 0.21107 0.36802 2.04136
v 0.10760 0.39069 2.04136
v 0.00000 0.39834 2.04136
v -0.10760 0.39069 2.04136
v -0.21107 0.36802 2.04136
v -0.30643 0.33121 2.04136
v -0.39001 0.28167 2.04136
v -0.45860 0.22131 2.04136
v -0.50957 0.15244 2.04136
v -0.54095 0.07771 2.04136
v -0.55155 0.00000 2.04136
v -0.54095 -0.07771 2.04136
v -0.50957 -0.15244 2.04136
v -0.45860 -0.22131 2.04136
v -0.39001 -0.28167 2.04136
v -0.30643 -0.33121 2.04136
v -0.21107 -0.36802 2.04136
v -0.10760 -0.39069 2.04136
v -0.00000 -0.39834 2.04136
v 0.10760 -0.39069 2.04136
v 0.21107 -0.36802 2.04136
v 0.30643 -0.33121 2.04136
v 0.39001 -0.28167 2.04136
v 0.45860 -0.22131 2.04136
v 0.50957 -0.15244 2.04136
v 0.54095 -0.07771 2.04136
v 0.62354 0.00000 1.91000
v 0.61156 0.08786 1.91000
v 0.57607 0.17234 1.91000
v 0.51845 0.25019 1.91000
v 0.44091 0.31843 1.91000
v 0.34642 0.37444 1.91000
v 0.23862 0.41605 1.91000
v 0.12165 0.44168 1.91000
v 0.00000 0.45033 1.91000
v -0.12165 0.44168 1.91000
v -0.23862 0.41605 1.91000
v -0.34642 0.37444 1.91000
v -0.44091 0.31843 1.91000
v -0.51845 0.25019 1.91000
v -0.57607 0.17234 1.91000
v -0.61156 0.08786 1.91000
v -0.62354 0.00000 1.91000
v -0.61156 -0.08786 1.91000
v -0.57607 -0.17234 1.91000
v -0.51845 -0.25019 1.91000
v -0.44091 -0.31843 1.91000
v -0.34642 -0.37444 1.91000
v -0.23862 -0.41605 1.91000
v -0.12165 -0.44168 1.91000
v -0.00000 -0.45033 1.91000
v 0.12165 -0.44168 1.91000
v 0.23862 -0.41605 1.91000
v 0.34642 -0.37444 1.91000
v 0.44091 -0.31843 1.91000
v 0.51845 -0.25019 1.91000
v 0.57607 -0.17234 1.91000
v 0.61156 -0.08786 1.91000
v 0.67658 0.00000 1.76466
v 0.66358 0.09533 1.76466
v 0.62508 0.18699 1.76466
v 0.56255 0.27147 1.76466
v 0.47841 0.34552 1.76466
v 0.37589 0.40629 1.76466
v 0.25892 0.45144 1.76466
v 0.13199 0.47925 1.76466
v 0.00000 0.48864 1.76466
v -0.13199 0.47925 1.76466
v -0.25892 0.45144 1.76466
v -0.37589 0.40629 1.76466
v -0.47841 0.34552 1.76466
v -0.56255 0.27147 1.76466
v -0.62508 0.18699 1.76466
v -0.66358 0.09533 1.76466
v -0.67658 0.00000 1.76466
v -0.66358 -0.09533 1.76466
v -0.62508 -0.18699 1.76466
v -0.56255 -0.27147 1.76466
v -0.47841 -0.34552 1.76466
v -0.37589 -0.40629 1.76466
v -0.25892 -0.45144 1.76466
v -0.13199 -0.47925 1.76466
v -0.00000 -0.48864 1.76466
v 0.13199 -0.47925 1.76466
v 0.25892 -0.45144 1.76466
v 0.37589 -0.40629 1.76466
v 0.47841 -0.34552 1.76466
v 0.56255 -0.27147 1.76466
v 0.62508 -0.18699 1.76466
v 0.66358 -0.09533 1.76466
v 0.70906 0.00000 1.60976
v 0.69544 0.09991 1.60976
v 0.65509 0.19597 1.60976
v 0.58956 0.28451 1.60976
v 0.50138 0.36211 1.60976
v 0.39393 0.42580 1.60976
v 0.27135 0.47312 1.60976
v 0.13833 0.50226 1.60976
v 0.00000 0.51210 1.60976
v -0.13833 0.50226 1.60976
v -0.27135 0.47312 1.60976
v -0.39393 0.42580 1.60976
v -0.50138 0.36211 1.60976
v -0.58956 0.28451 1.60976
v -0.65509 0.19597 1.60976
v -0.69544 0.09991 1.60976
v -0.70906 0.00000 1.60976
v -0.69544 -0.09991 1.60976
v -0.65509 -0.19597 1.60976
v -0.58956 -0.28451 1.60976
v -0.50138 -0.36211 1.60976
v -0.39393 -0.42580 1.60976
v -0.27135 -0.47312 1.60976
v -0.13833 -0.50226 1.60976
v -0.00000 -0.51210 1.60976
v 0.13833 -0.50226 1.60976
v 0.27135 -0.47312 1.60976
v 0.39393 -0.42580 1.60976
v 0.50138 -0.36211 1.60976
v 0.58956 -0.28451 1.60976
v 0.65509 -0.19597 1.60976
v 0.69544 -0.09991 1.60976
v 0.72000 0.00000 1.45000
v 0.70617 0.10145 1.45000
v 0.66519 0.19900 1.45000
v 0.59866 0.28890 1.45000
v 0.50912 0.36770 1.45000
v 0.40001 0.43236 1.45000
v 0.27553 0.48042 1.45000
v 0.14047 0.51001 1.45000
v 0.00000 0.52000 1.45000
v -0.14047 0.51001 1.45000
v -0.27553 0.48042 1.45000
v -0.40001 0.43236 1.45000
v -0.50912 0.36770 1.45000
v -0.59866 0.28890 1.45000
v -0.66519 0.19900 1.45000
v -0.70617 0.10145 1.45000
v -0.72000 0.00000 1.45000
v -0.70617 -0.10145 1.45000
v -0.66519 -0.19900 1.45000
v -0.59866 -0.28890 1.45000
v -0.50912 -0.36770 1.45000
v -0.40001 -0.43236 1.45000
v -0.27553 -0.48042 1.45000
v -0.14047 -0.51001 1.45000
v -0.00000 -0.52000 1.45000
v 0.14047 -0.51001 1.45000
v 0.27553 -0.48042 1.45000
v 0.40001 -0.43236 1.45000
v 0.50912 -0.36770 1.45000
v 0.59866 -0.28890 1.45000
v 0.66519 -0.19900 1.45000
v 0.70617 -0.10145 1.45000
v 0.70906 0.00000 1.29024
v 0.69544 0.09991 1.29024
v 0.65509 0.19597 1.29024
v 0.58956 0.28451 1.29024
v 0.50138 0.36211 1.29024
v 0.39393 0.42580 1.29024
v 0.27135 0.47312 1.29024
v 0.13833 0.50226 1.29024
v 0.00000 0.51210 1.29024
v -0.13833 0.50226 1.29024
v -0.27135 0.47312 1.29024
v -0.39393 0.42580 1.29024
v -0.50138 0.36211 1.29024
v -0.58956 0.28451 1.29024
v -0.65509 0.19597 1.29024
v -0.69544 0.09991 1.29024
v -0.70906 0.00000 1.29024
v -0.69544 -0.09991 1.29024
v -0.65509 -0.19597 1.29024
v -0.58956 -0.28451 1.29024
v -0.50138 -0.36211 1.29024
v -0.39393 -0.42580 1.29024
v -0.27135 -0.47312 1.29024
v -0.13833 -0.50226 1.29024
v -0.00000 -0.51210 1.29024
v 0.13833 -0.50226 1.29024
v 0.27135 -0.47312 1.29024
v 0.39393 -0.42580 1.29024
v 0.50138 -0.36211 1.29024
v 0.58956 -0.28451 1.29024
v 0.65509 -0.19597 1.29024
v 0.69544 -0.09991 1.29024
v 0.67658 0.00000 1.13534
v 0.66358 0.09533 1.13534
v 0.62508 0.18699 1.13534
v 0.56255 0.27147 1.13534
v 0.47841 0.34552 1.13534
v 0.37589 0.40629 1.13534
v 0.25892 0.45144 1.13534
v 0.13199 0.47925 1.13534
v 0.00000 0.48864 1.13534
v -0.13199 0.47925 1.13534
v -0.25892 0.45144 1.13534
v -0.37589 0.40629 1.13534
v -0.47841 0.34552 1.13534
v -0.56255 0.27147 1.13534
v -0.62508 0.18699 1.13534
v -0.66358 0.09533 1.13534
v -0.67658 0.00000 1.13534
v -0.66358 -0.09533 1.13534
v -0.62508 -0.18699 1.13534
v -0.56255 -0.27147 1.13534
v -0.47841 -0.34552 1.13534
v -0.37589 -0.40629 1.13534
v -0.25892 -0.45144 1.13534
v -0.13199 -0.47925 1.13534
v -0.00000 -0.48864 1.13534
v 0.13199 -0.47925 1.13534
v 0.25892 -0.45144 1.13534
v 0.37589 -0.40629 1.13534
v 0.47841 -0.34552 1.13534
v 0.56255 -0.27147 1.13534
v 0.62508 -0.18699 1.13534
v 0.66358 -0.09533 1.13534
v 0.62354 0.00000 0.99000
v 0.61156 0.08786 0.99000
v 0.57607 0.17234 0.99000
v 0.51845 0.25019 0.99000
v 0.44091 0.31843 0.99000
v 0.34642 0.37444 0.99000
v 0.23862 0.41605 0.99000
v 0.12165 0.44168 0.99000
v 0.00000 0.45033 0.99000
v -0.12165 0.44168 0.99000
v -0.23862 0.41605 0.99000
v -0.34642 0.37444 0.99000
v -0.44091 0.31843 0.99000
v -0.51845 0.25019 0.99000
v -0.57607 0.17234 0.99000
v -0.61156 0.08786 0.99000
v -0.62354 0.00000 0.99000
v -0.61156 -0.08786 0.99000
v -0.57607 -0.17234 0.99000
v -0.51845 -0.25019 0.99000
v -0.44091 -0.31843 0.99000
v -0.34642 -0.37444 0.99000
v -0.23862 -0.41605 0.99000
v -0.12165 -0.44168 0.99000
v -0.00000 -0.45033 0.99000
v 0.12165 -0.44168 0.99000
v 0.23862 -0.41605 0.99000
v 0.34642 -0.37444 0.99000
v 0.44091 -0.31843 0.99000
v 0.51845 -0.25019 0.99000
v 0.57607 -0.17234 0.99000
v 0.61156 -0.08786 0.99000
v 0.55155 0.00000 0.85864
v 0.54095 0.07771 0.85864
v 0.50957 0.15244 0.85864
v 0.45860 0.22131 0.85864
v 0.39001 0.28167 0.85864
v 0.30643 0.33121 0.85864
v 0.21107 0.36802 0.85864
v 0.10760 0.39069 0.85864
v 0.00000 0.39834 0.85864
v -0.10760 0.39069 0.85864
v -0.21107 0.36802 0.85864
v -0.30643 0.33121 0.85864
v -0.39001 0.28167 0.85864
v -0.45860 0.22131 0.85864
v -0.50957 0.15244 0.85864
v -0.54095 0.07771 0.85864
v -0.55155 0.00000 0.85864
v -0.54095 -0.07771 0.85864
v -0.50957 -0.15244 0.85864
v -0.45860 -0.22131 0.85864
v -0.39001 -0.28167 0.85864
v -0.30643 -0.33121 0.85864
v -0.21107 -0.36802 0.85864
v -0.10760 -0.39069 0.85864
v -0.00000 -0.39834 0.85864
v 0.10760 -0.39069 0.85864
v 0.21107 -0.36802 0.85864
v 0.30643 -0.33121 0.85864
v 0.39001 -0.28167 0.85864
v 0.45860 -0.22131 0.85864
v 0.50957 -0.15244 0.85864
v 0.54095 -0.07771 0.85864
v 0.46281 0.00000 0.74524
v 0.45391 0.06521 0.74524
v 0.42758 0.12791 0.74524
v 0.38481 0.18570 0.74524
v 0.32725 0.23635 0.74524
v 0.25712 0.27792 0.74524
v 0.17711 0.30881 0.74524
v 0.09029 0.32783 0.74524
v 0.00000 0.33425 0.74524
v -0.09029 0.32783 0.74524
v -0.17711 0.30881 0.74524
v -0.25712 0.27792 0.74524
v -0.32725 0.23635 0.74524
v -0.38481 0.18570 0.74524
v -0.42758 0.12791 0.74524
v -0.45391 0.06521 0.74524
v -0.46281 0.00000 0.74524
v -0.45391 -0.06521 0.74524
v -0.42758 -0.12791 0.74524
v -0.38481 -0.18570 0.74524
v -0.32725 -0.23635 0.74524
v -0.25712 -0.27792 0.74524
v -0.17711 -0.30881 0.74524
v -0.09029 -0.32783 0.74524
v -0.00000 -0.33425 0.74524
v 0.09029 -0.32783 0.74524
v 0.17711 -0.30881 0.74524
v 0.25712 -0.27792 0.74524
v 0.32725 -0.23635 0.74524
v 0.38481 -0.18570 0.74524
v 0.42758 -0.12791 0.74524
v 0.45391 -0.06521 0.74524
v 0.36000 0.00000 0.65326
v 0.35308 0.05072 0.65326
v 0.33260 0.09950 0.65326
v 0.29933 0.14445 0.65326
v 0.25456 0.18385 0.65326
v 0.20001 0.21618 0.65326
v 0.13777 0.24021 0.65326
v 0.07023 0.25500 0.65326
v 0.00000 0.26000 0.65326
v -0.07023 0.25500 0.65326
v -0.13777 0.24021 0.65326
v -0.20001 0.21618 0.65326
v -0.25456 0.18385 0.65326
v -0.29933 0.14445 0.65326
v -0.33260 0.09950 0.65326
v -0.35308 0.05072 0.65326
v -0.36000 0.00000 0.65326
v -0.35308 -0.05072 0.65326
v -0.33260 -0.09950 0.65326
v -0.29933 -0.14445 0.65326
v -0.25456 -0.18385 0.65326
v -0.20001 -0.21618 0.65326
v -0.13777 -0.24021 0.65326
v -0.07023 -0.25500 0.65326
v -0.00000 -0.26000 0.65326
v 0.07023 -0.25500 0.65326
v 0.13777 -0.24021 0.65326
v 0.20001 -0.21618 0.65326
v 0.25456 -0.18385 0.65326
v 0.29933 -0.14445 0.65326
v 0.33260 -0.09950 0.65326
v 0.35308 -0.05072 0.65326
v 0.24625 0.00000 0.58548
v 0.24152 0.03470 0.58548
v 0.22751 0.06806 0.58548
v 0.20475 0.09881 0.58548
v 0.17413 0.12576 0.58548
v 0.13681 0.14788 0.58548
v 0.09424 0.16431 0.58548
v 0.04804 0.17443 0.58548
v 0.00000 0.17785 0.58548
v -0.04804 0.17443 0.58548
v -0.09424 0.16431 0.58548
v -0.13681 0.14788 0.58548
v -0.17413 0.12576 0.58548
v -0.20475 0.09881 0.58548
v -0.22751 0.06806 0.58548
v -0.24152 0.03470 0.58548
v -0.24625 0.00000 0.58548
v -0.24152 -0.03470 0.58548
v -0.22751 -0.06806 0.58548
v -0.20475 -0.09881 0.58548
v -0.17413 -0.12576 0.58548
v -0.13681 -0.14788 0.58548
v -0.09424 -0.16431 0.58548
v -0.04804 -0.17443 0.58548
v -0.00000 -0.17785 0.58548
v 0.04804 -0.17443 0.58548
v 0.09424 -0.16431 0.58548
v 0.13681 -0.14788 0.58548
v 0.17413 -0.12576 0.58548
v 0.20475 -0.09881 0.58548
v 0.22751 -0.06806 0.58548
v 0.24152 -0.03470 0.58548
v 0.12503 0.00000 0.54398
v 0.12262 0.01762 0.54398
v 0.11551 0.03456 0.54398
v 0.10396 0.05017 0.54398
v 0.08841 0.06385 0.54398
v 0.06946 0.07508 0.54398
v 0.04785 0.08342 0.54398
v 0.02439 0.08856 0.54398
v 0.00000 0.09030 0.54398
v -0.02439 0.08856 0.54398
v -0.04785 0.08342 0.54398
v -0.06946 0.07508 0.54398
v -0.08841 0.06385 0.54398
v -0.10396 0.05017 0.54398
v -0.11551 0.03456 0.54398
v -0.12262 0.01762 0.54398
v -0.12503 0.00000 0.54398
v -0.12262 -0.01762 0.54398
v -0.11551 -0.03456 0.54398
v -0.10396 -0.05017 0.54398
v -0.08841 -0.06385 0.54398
v -0.06946 -0.07508 0.54398
v -0.04785 -0.08342 0.54398
v -0.02439 -0.08856 0.54398
v -0.00000 -0.09030 0.54398
v 0.02439 -0.08856 0.54398
v 0.04785 -0.08342 0.54398
v 0.06946 -0.07508 0.54398
v 0.08841 -0.06385 0.54398
v 0.10396 -0.05017 0.54398
v 0.11551 -0.03456 0.54398
v 0.12262 -0.01762 0.54398
v 0.00000 0.00000 0.53000
v 0.00000 0.00000 0.53000
v 0.00000 0.00000 0.53000
v 0.00000 0.00000 0.53000
v 0.00000 0.00000 0.53000
v 0.00000 0.00000 0.53000
v 0.00000 0.00000 0.53000
v 0.00000 0.00000 0.53000
v 0.00000 0.00000 0.53000
v -0.00000 0.00000 0.53000
v -0.00000 0.00000 0.53000
v -0.00000 0.00000 0.53000
v -0.00000 0.00000 0.53000
v -0.00000 0.00000 0.53000
v -0.00000 0.00000 0.53000
v -0.00000 0.00000 0.53000
v -0.00000 0.00000 0.53000
v -0.00000 -0.00000 0.53000
v -0.00000 -0.00000 0.53000
v -0.00000 -0.00000 0.53000
v -0.00000 -0.00000 0.53000
v -0.00000 -0.00000 0.53000
v -0.00000 -0.00000 0.53000
v -0.00000 -0.00000 0.53000
v -0.00000 -0.00000 0.53000
v 0.00000 -0.00000 0.53000
v 0.00000 -0.00000 0.53000
v 0.00000 -0.00000 0.53000
v 0.00000 -0.00000 0.53000
v 0.00000 -0.00000 0.53000
v 0.00000 -0.00000 0.53000
v 0.00000 -0.00000 0.53000
v 0.00000 0.00000 2.93000
v 0.00000 0.00000 2.93000
v 0.00000 0.00000 2.93000
v 0.00000 0.00000 2.93000
v 0.00000 0.00000 2.93000
v 0.00000 0.00000 2.93000
v 0.00000 0.00000 2.93000
v 0.00000 0.00000 2.93000
v 0.00000 0.00000 2.93000
v 0.00000 0.00000 2.93000
v 0.00000 0.00000 2.93000
v 0.00000 0.00000 2.93000
v 0.00000 0.00000 2.93000
v 0.00000 0.00000 2.93000
v 0.00000 0.00000 2.93000
v 0.00000 0.00000 2.93000
v 0.00000 0.00000 2.93000
v 0.00000 0.00000 2.93000
v 0.00000 0.00000 2.93000
v 0.00000 0.00000 2.93000
v 0.00000 0.00000 2.93000
v 0.00000 0.00000 2.93000
v 0.00000 0.00000 2.93000
v 0.00000 0.00000 2.93000
v 0.00000 0.00000 2.93000
v 0.00000 0.00000 2.93000
v 0.00000 0.00000 2.93000
v 0.00000 0.00000 2.93000
v 0.00000 0.00000 2.93000
v 0.00000 0.00000 2.93000
v 0.00000 0.00000 2.93000
v 0.00000 0.00000 2.93000
v 0.10072 0.00000 2.92271
v 0.09878 0.01694 2.92271
v 0.09305 0.03323 2.92271
v 0.08374 0.04824 2.92271
v 0.07122 0.06139 2.92271
v 0.05595 0.07219 2.92271
v 0.03854 0.08021 2.92271
v 0.01965 0.08516 2.92271
v 0.00000 0.08682 2.92271
v -0.01965 0.08516 2.92271
v -0.03854 0.08021 2.92271
v -0.05595 0.07219 2.92271
v -0.07122 0.06139 2.92271
v -0.08374 0.04824 2.92271
v -0.09305 0.03323 2.92271
v -0.09878 0.01694 2.92271
v -0.10072 0.00000 2.92271
v -0.09878 -0.01694 2.92271
v -0.09305 -0.03323 2.92271
v -0.08374 -0.04824 2.92271
v -0.07122 -0.06139 2.92271
v -0.05595 -0.07219 2.92271
v -0.03854 -0.08021 2.92271
v -0.01965 -0.08516 2.92271
v -0.00000 -0.08682 2.92271
v 0.01965 -0.08516 2.92271
v 0.03854 -0.08021 2.92271
v 0.05595 -0.07219 2.92271
v 0.07122 -0.06139 2.92271
v 0.08374 -0.04824 2.92271
v 0.09305 -0.03323 2.92271
v 0.09878 -0.01694 2.92271
v 0.19837 0.00000 2.90105
v 0.19456 0.03336 2.90105
v 0.18327 0.06544 2.90105
v 0.16494 0.09501 2.90105
v 0.14027 0.12092 2.90105
v 0.11021 0.14219 2.90105
v 0.07591 0.15799 2.90105
v 0.03870 0.16772 2.90105
v 0.00000 0.17101 2.90105
v -0.03870 0.16772 2.90105
v -0.07591 0.15799 2.90105
v -0.11021 0.14219 2.90105
v -0.14027 0.12092 2.90105
v -0.16494 0.09501 2.90105
v -0.18327 0.06544 2.90105
v -0.19456 0.03336 2.90105
v -0.19837 0.00000 2.90105
v -0.19456 -0.03336 2.90105
v -0.18327 -0.06544 2.90105
v -0.16494 -0.09501 2.90105
v -0.14027 -0.12092 2.90105
v -0.11021 -0.14219 2.90105
v -0.07591 -0.15799 2.90105
v -0.03870 -0.16772 2.90105
v -0.00000 -0.17101 2.90105
v 0.03870 -0.16772 2.90105
v 0.07591 -0.15799 2.90105
v 0.11021 -0.14219 2.90105
v 0.14027 -0.12092 2.90105
v 0.16494 -0.09501 2.90105
v 0.18327 -0.06544 2.90105
v 0.19456 -0.03336 2.90105
v 0.29000 0.00000 2.86569
v 0.28443 0.04877 2.86569
v 0.26793 0.09567 2.86569
v 0.24113 0.13889 2.86569
v 0.20506 0.17678 2.86569
v 0.16112 0.20787 2.86569
v 0.11098 0.23097 2.86569
v 0.05658 0.24520 2.86569
v 0.00000 0.25000 2.86569
v -0.05658 0.24520 2.86569
v -0.11098 0.23097 2.86569
v -0.16112 0.20787 2.86569
v -0.20506 0.17678 2.86569
v -0.24113 0.13889 2.86569
v -0.26793 0.09567 2.86569
v -0.28443 0.04877 2.86569
v -0.29000 0.00000 2.86569
v -0.28443 -0.04877 2.86569
v -0.26793 -0.09567 2.86569
v -0.24113 -0.13889 2.86569
v -0.20506 -0.17678 2.86569
v -0.16112 -0.20787 2.86569
v -0.11098 -0.23097 2.86569
v -0.05658 -0.24520 2.86569
v -0.00000 -0.25000 2.86569
v 0.05658 -0.24520 2.86569
v 0.11098 -0.23097 2.86569
v 0.16112 -0.20787 2.86569
v 0.20506 -0.17678 2.86569
v 0.24113 -0.13889 2.86569
v 0.26793 -0.09567 2.86569
v 0.28443 -0.04877 2.86569
v 0.37282 0.00000 2.81770
v 0.36565 0.06270 2.81770
v 0.34444 0.12299 2.81770
v 0.30999 0.17856 2.81770
v 0.26362 0.22726 2.81770
v 0.20713 0.26723 2.81770
v 0.14267 0.29693 2.81770
v 0.07273 0.31522 2.81770
v 0.00000 0.32139 2.81770
v -0.07273 0.31522 2.81770
v -0.14267 0.29693 2.81770
v -0.20713 0.26723 2.81770
v -0.26362 0.22726 2.81770
v -0.30999 0.17856 2.81770
v -0.34444 0.12299 2.81770
v -0.36565 0.06270 2.81770
v -0.37282 0.00000 2.81770
v -0.36565 -0.06270 2.81770
v -0.34444 -0.12299 2.81770
v -0.30999 -0.17856 2.81770
v -0.26362 -0.22726 2.81770
v -0.20713 -0.26723 2.81770
v -0.14267 -0.29693 2.81770
v -0.07273 -0.31522 2.81770
v -0.00000 -0.32139 2.81770
v 0.07273 -0.31522 2.81770
v 0.14267 -0.29693 2.81770
v 0.20713 -0.26723 2.81770
v 0.26362 -0.22726 2.81770
v 0.30999 -0.17856 2.81770
v 0.34444 -0.12299 2.81770
v 0.36565 -0.06270 2.81770
v 0.44431 0.00000 2.75854
v 0.43577 0.07472 2.75854
v 0.41049 0.14658 2.75854
v 0.36943 0.21280 2.75854
v 0.31417 0.27084 2.75854
v 0.24684 0.31847 2.75854
v 0.17003 0.35387 2.75854
v 0.08668 0.37566 2.75854
v 0.00000 0.38302 2.75854
v -0.08668 0.37566 2.75854
v -0.17003 0.35387 2.75854
v -0.24684 0.31847 2.75854
v -0.31417 0.27084 2.75854
v -0.36943 0.21280 2.75854
v -0.41049 0.14658 2.75854
v -0.43577 0.07472 2.75854
v -0.44431 0.00000 2.75854
v -0.43577 -0.07472 2.75854
v -0.41049 -0.14658 2.75854
v -0.36943 -0.21280 2.75854
v -0.31417 -0.27084 2.75854
v -0.24684 -0.31847 2.75854
v -0.17003 -0.35387 2.75854
v -0.08668 -0.37566 2.75854
v -0.00000 -0.38302 2.75854
v 0.08668 -0.37566 2.75854
v 0.17003 -0.35387 2.75854
v 0.24684 -0.31847 2.75854
v 0.31417 -0.27084 2.75854
v 0.36943 -0.21280 2.75854
v 0.41049 -0.14658 2.75854
v 0.43577 -0.07472 2.75854
v 0.50229 0.00000 2.69000
v 0.49264 0.08448 2.69000
v 0.46406 0.16571 2.69000
v 0.41764 0.24057 2.69000
v 0.35518 0.30619 2.69000
v 0.27906 0.36004 2.69000
v 0.19222 0.40005 2.69000
v 0.09799 0.42469 2.69000
v 0.00000 0.43301 2.69000
v -0.09799 0.42469 2.69000
v -0.19222 0.40005 2.69000
v -0.27906 0.36004 2.69000
v -0.35518 0.30619 2.69000
v -0.41764 0.24057 2.69000
v -0.46406 0.16571 2.69000
v -0.49264 0.08448 2.69000
v -0.50229 0.00000 2.69000
v -0.49264 -0.08448 2.69000
v -0.46406 -0.16571 2.69000
v -0.41764 -0.24057 2.69000
v -0.35518 -0.30619 2.69000
v -0.27906 -0.36004 2.69000
v -0.19222 -0.40005 2.69000
v -0.09799 -0.42469 2.69000
v -0.00000 -0.43301 2.69000
v 0.09799 -0.42469 2.69000
v 0.19222 -0.40005 2.69000
v 0.27906 -0.36004 2.69000
v 0.35518 -0.30619 2.69000
v 0.41764 -0.24057 2.69000
v 0.46406 -0.16571 2.69000
v 0.49264 -0.08448 2.69000
v 0.54502 0.00000 2.61417
v 0.53455 0.09166 2.61417
v 0.50353 0.17980 2.61417
v 0.45317 0.26103 2.61417
v 0.38539 0.33223 2.61417
v 0.30280 0.39066 2.61417
v 0.20857 0.43408 2.61417
v 0.10633 0.46082 2.61417
v 0.00000 0.46985 2.61417
v -0.10633 0.46082 2.61417
v -0.20857 0.43408 2.61417
v -0.30280 0.39066 2.61417
v -0.38539 0.33223 2.61417
v -0.45317 0.26103 2.61417
v -0.50353 0.17980 2.61417
v -0.53455 0.09166 2.61417
v -0.54502 0.00000 2.61417
v -0.53455 -0.09166 2.61417
v -0.50353 -0.17980 2.61417
v -0.45317 -0.26103 2.61417
v -0.38539 -0.33223 2.61417
v -0.30280 -0.39066 2.61417
v -0.20857 -0.43408 2.61417
v -0.10633 -0.46082 2.61417
v -0.00000 -0.46985 2.61417
v 0.10633 -0.46082 2.61417
v 0.20857 -0.43408 2.61417
v 0.30280 -0.39066 2.61417
v 0.38539 -0.33223 2.61417
v 0.45317 -0.26103 2.61417
v 0.50353 -0.17980 2.61417
v 0.53455 -0.09166 2.61417
v 0.57119 0.00000 2.53335
v 0.56021 0.09606 2.53335
v 0.52771 0.18843 2.53335
v 0.47493 0.27356 2.53335
v 0.40389 0.34818 2.53335
v 0.31734 0.40942 2.53335
v 0.21858 0.45492 2.53335
v 0.11143 0.48294 2.53335
v 0.00000 0.49240 2.53335
v -0.11143 0.48294 2.53335
v -0.21858 0.45492 2.53335
v -0.31734 0.40942 2.53335
v -0.40389 0.34818 2.53335
v -0.47493 0.27356 2.53335
v -0.52771 0.18843 2.53335
v -0.56021 0.09606 2.53335
v -0.57119 0.00000 2.53335
v -0.56021 -0.09606 2.53335
v -0.52771 -0.18843 2.53335
v -0.47493 -0.27356 2.53335
v -0.40389 -0.34818 2.53335
v -0.31734 -0.40942 2.53335
v -0.21858 -0.45492 2.53335
v -0.11143 -0.48294 2.53335
v -0.00000 -0.49240 2.53335
v 0.11143 -0.48294 2.53335
v 0.21858 -0.45492 2.53335
v 0.31734 -0.40942 2.53335
v 0.40389 -0.34818 2.53335
v 0.47493 -0.27356 2.53335
v 0.52771 -0.18843 2.53335
v 0.56021 -0.09606 2.53335
v 0.58000 0.00000 2.45000
v 0.56886 0.09755 2.45000
v 0.53585 0.19134 2.45000
v 0.48225 0.27779 2.45000
v 0.41012 0.35355 2.45000
v 0.32223 0.41573 2.45000
v 0.22196 0.46194 2.45000
v 0.11315 0.49039 2.45000
v 0.00000 0.50000 2.45000
v -0.11315 0.49039 2.45000
v -0.22196 0.46194 2.45000
v -0.32223 0.41573 2.45000
v -0.41012 0.35355 2.45000
v -0.48225 0.27779 2.45000
v -0.53585 0.19134 2.45000
v -0.56886 0.09755 2.45000
v -0.58000 0.00000 2.45000
v -0.56886 -0.09755 2.45000
v -0.53585 -0.19134 2.45000
v -0.48225 -0.27779 2.45000
v -0.41012 -0.35355 2.45000
v -0.32223 -0.41573 2.45000
v -0.22196 -0.46194 2.45000
v -0.11315 -0.49039 2.45000
v -0.00000 -0.50000 2.45000
v 0.11315 -0.49039 2.45000
v 0.22196 -0.46194 2.45000
v 0.32223 -0.41573 2.45000
v 0.41012 -0.35355 2.45000
v 0.48225 -0.27779 2.45000
v 0.53585 -0.19134 2.45000
v 0.56886 -0.09755 2.45000
v 0.57119 0.00000 2.36665
v 0.56021 0.09606 2.36665
v 0.52771 0.18843 2.36665
v 0.47493 0.27356 2.36665
v 0.40389 0.34818 2.36665
v 0.31734 0.40942 2.36665
v 0.21858 0.45492 2.36665
v 0.11143 0.48294 2.36665
v 0.00000 0.49240 2.36665
v -0.11143 0.48294 2.36665
v -0.21858 0.45492 2.36665
v -0.31734 0.40942 2.36665
v -0.40389 0.34818 2.36665
v -0.47493 0.27356 2.36665
v -0.52771 0.18843 2.36665
v -0.56021 0.09606 2.36665
v -0.57119 0.00000 2.36665
v -0.56021 -0.09606 2.36665
v -0.52771 -0.18843 2.36665
v -0.47493 -0.27356 2.36665
v -0.40389 -0.34818 2.36665
v -0.31734 -0.40942 2.36665
v -0.21858 -0.45492 2.36665
v -0.11143 -0.48294 2.36665
v -0.00000 -0.49240 2.36665
v 0.11143 -0.48294 2.36665
v 0.21858 -0.45492 2.36665
v 0.31734 -0.40942 2.36665
v 0.40389 -0.34818 2.36665
v 0.47493 -0.27356 2.36665
v 0.52771 -0.18843 2.36665
v 0.56021 -0.09606 2.36665
v 0.54502 0.00000 2.28583
v 0.53455 0.09166 2.28583
v 0.50353 0.17980 2.28583
v 0.45317 0.26103 2.28583
v 0.38539 0.33223 2.28583
v 0.30280 0.39066 2.28583
v 0.20857 0.43408 2.28583
v 0.10633 0.46082 2.28583
v 0.00000 0.46985 2.28583
v -0.10633 0.46082 2.28583
v -0.20857 0.43408 2.28583
v -0.30280 0.39066 2.28583
v -0.38539 0.33223 2.28583
v -0.45317 0.26103 2.28583
v -0.50353 0.17980 2.28583
v -0.53455 0.09166 2.28583
v -0.54502 0.00000 2.28583
v -0.53455 -0.09166 2.28583
v -0.50353 -0.17980 2.28583
v -0.45317 -0.26103 2.28583
v -0.38539 -0.33223 2.28583
v -0.30280 -0.39066 2.28583
v -0.20857 -0.43408 2.28583
v -0.10633 -0.46082 2.28583
v -0.00000 -0.46985 2.28583
v 0.10633 -0.46082 2.28583
v 0.20857 -0.43408 2.28583
v 0.30280 -0.39066 2.28583
v 0.38539 -0.33223 2.28583
v 0.45317 -0.26103 2.28583
v 0.50353 -0.17980 2.28583
v 0.53455 -0.09166 2.28583
v 0.50229 0.00000 2.21000
v 0.49264 0.08448 2.21000
v 0.46406 0.16571 2.21000
v 0.41764 0.24057 2.21000
v 0.35518 0.30619 2.21000
v 0.27906 0.36004 2.21000
v 0.19222 0.40005 2.21000
v 0.09799 0.42469 2.21000
v 0.00000 0.43301 2.21000
v -0.09799 0.42469 2.21000
v -0.19222 0.40005 2.21000
v -0.27906 0.36004 2.21000
v -0.35518 0.30619 2.21000
v -0.41764 0.24057 2.21000
v -0.46406 0.16571 2.21000
v -0.49264 0.08448 2.21000
v -0.50229 0.00000 2.21000
v -0.49264 -0.08448 2.21000
v -0.46406 -0.16571 2.21000
v -0.41764 -0.24057 2.21000
v -0.35518 -0.30619 2.21000
v -0.27906 -0.36004 2.21000
v -0.19222 -0.40005 2.21000
v -0.09799 -0.42469 2.21000
v -0.00000 -0.43301 2.21000
v 0.09799 -0.42469 2.21000
v 0.19222 -0.40005 2.21000
v 0.27906 -0.36004 2.21000
v 0.35518 -0.30619 2.21000
v 0.41764 -0.24057 2.21000
v 0.46406 -0.16571 2.21000
v 0.49264 -0.08448 2.21000
v 0.44431 0.00000 2.14146
v 0.43577 0.07472 2.14146
v 0.41049 0.14658 2.14146
v 0.36943 0.21280 2.14146
v 0.31417 0.27084 2.14146
v 0.24684 0.31847 2.14146
v 0.17003 0.35387 2.14146
v 0.08668 0.37566 2.14146
v 0.00000 0.38302 2.14146
v -0.08668 0.37566 2.14146
v -0.17003 0.35387 2.14146
v -0.24684 0.31847 2.14146
v -0.31417 0.27084 2.14146
v -0.36943 0.21280 2.14146
v -0.41049 0.14658 2.14146
v -0.43577 0.07472 2.14146
v -0.44431 0.00000 2.14146
v -0.43577 -0.07472 2.14146
v -0.41049 -0.14658 2.14146
v -0.36943 -0.21280 2.14146
v -0.31417 -0.27084 2.14146
v -0.24684 -0.31847 2.14146
v -0.17003 -0.35387 2.14146
v -0.08668 -0.37566 2.14146
v -0.00000 -0.38302 2.14146
v 0.08668 -0.37566 2.14146
v 0.17003 -0.35387 2.14146
v 0.24684 -0.31847 2.14146
v 0.31417 -0.27084 2.14146
v 0.36943 -0.21280 2.14146
v 0.41049 -0.14658 2.14146
v 0.43577 -0.07472 2.14146
v 0.37282 0.00000 2.08230
v 0.36565 0.06270 2.08230
v 0.34444 0.12299 2.08230
v 0.30999 0.17856 2.08230
v 0.26362 0.22726 2.08230
v 0.20713 0.26723 2.08230
v 0.14267 0.29693 2.08230
v 0.07273 0.31522 2.08230
v 0.00000 0.32139 2.08230
v -0.07273 0.31522 2.08230
v -0.14267 0.29693 2.08230
v -0.20713 0.26723 2.08230
v -0.26362 0.22726 2.08230
v -0.30999 0.17856 2.08230
v -0.34444 0.12299 2.08230
v -0.36565 0.06270 2.08230
v -0.37282 0.00000 2.08230
v -0.36565 -0.06270 2.08230
v -0.34444 -0.12299 2.08230
v -0.30999 -0.17856 2.08230
v -0.26362 -0.22726 2.08230
v -0.20713 -0.26723 2.08230
v -0.14267 -0.29693 2.08230
v -0.07273 -0.31522 2.08230
v -0.00000 -0.32139 2.08230
v 0.07273 -0.31522 2.08230
v 0.14267 -0.29693 2.08230
v 0.20713 -0.26723 2.08230
v 0.26362 -0.22726 2.08230
v 0.30999 -0.17856 2.08230
v 0.34444 -0.12299 2.08230
v 0.36565 -0.06270 2.08230
v 0.29000 0.00000 2.03431
v 0.28443 0.04877 2.03431
v 0.26793 0.09567 2.03431
v 0.24113 0.13889 2.03431
v 0.20506 0.17678 2.03431
v 0.16112 0.20787 2.03431
v 0.11098 0.23097 2.03431
v 0.05658 0.24520 2.03431
v 0.00000 0.25000 2.03431
v -0.05658 0.24520 2.03431
v -0.11098 0.23097 2.03431
v -0.16112 0.20787 2.03431
v -0.20506 0.17678 2.03431
v -0.24113 0.13889 2.03431
v -0.26793 0.09567 2.03431
v -0.28443 0.04877 2.03431
v -0.29000 0.00000 2.03431
v -0.28443 -0.04877 2.03431
v -0.26793 -0.09567 2.03431
v -0.24113 -0.13889 2.03431
v -0.20506 -0.17678 2.03431
v -0.16112 -0.20787 2.03431
v -0.11098 -0.23097 2.03431
v -0.05658 -0.24520 2.03431
v -0.00000 -0.25000 2.03431
v 0.05658 -0.24520 2.03431
v 0.11098 -0.23097 2.03431
v 0.16112 -0.20787 2.03431
v 0.20506 -0.17678 2.03431
v 0.24113 -0.13889 2.03431
v 0.26793 -0.09567 2.03431
v 0.28443 -0.04877 2.03431
v 0.19837 0.00000 1.99895
v 0.19456 0.03336 1.99895
v 0.18327 0.06544 1.99895
v 0.16494 0.09501 1.99895
v 0.14027 0.12092 1.99895
v 0.11021 0.14219 1.99895
v 0.07591 0.15799 1.99895
v 0.03870 0.16772 1.99895
v 0.00000 0.17101 1.99895
v -0.03870 0.16772 1.99895
v -0.07591 0.15799 1.99895
v -0.11021 0.14219 1.99895
v -0.14027 0.12092 1.99895
v -0.16494 0.09501 1.99895
v -0.18327 0.06544 1.99895
v -0.19456 0.03336 1.99895
v -0.19837 0.00000 1.99895
v -0.19456 -0.03336 1.99895
v -0.18327 -0.06544 1.99895
v -0.16494 -0.09501 1.99895
v -0.14027 -0.12092 1.99895
v -0.11021 -0.14219 1.99895
v -0.07591 -0.15799 1.99895
v -0.03870 -0.16772 1.99895
v -0.00000 -0.17101 1.99895
v 0.03870 -0.16772 1.99895
v 0.07591 -0.15799 1.99895
v 0.11021 -0.14219 1.99895
v 0.14027 -0.12092 1.99895
v 0.16494 -0.09501 1.99895
v 0.18327 -0.06544 1.99895
v 0.19456 -0.03336 1.99895
v 0.10072 0.00000 1.97729
v 0.09878 0.01694 1.97729
v 0.09305 0.03323 1.97729
v 0.08374 0.04824 1.97729
v 0.07122 0.06139 1.97729
v 0.05595 0.07219 1.97729
v 0.03854 0.08021 1.97729
v 0.01965 0.08516 1.97729
v 0.00000 0.08682 1.97729
v -0.01965 0.08516 1.97729
v -0.03854 0.08021 1.97729
v -0.05595 0.07219 1.97729
v -0.07122 0.06139 1.97729
v -0.08374 0.04824 1.97729
v -0.09305 0.03323 1.97729
v -0.09878 0.01694 1.97729
v -0.10072 0.00000 1.97729
v -0.09878 -0.01694 1.97729
v -0.09305 -0.03323 1.97729
v -0.08374 -0.04824 1.97729
v -0.07122 -0.06139 1.97729
v -0.05595 -0.07219 1.97729
v -0.03854 -0.08021 1.97729
v -0.01965 -0.08516 1.97729
v -0.00000 -0.08682 1.97729
v 0.01965 -0.08516 1.97729
v 0.03854 -0.08021 1.97729
v 0.05595 -0.07219 1.97729
v 0.07122 -0.06139 1.97729
v 0.08374 -0.04824 1.97729
v 0.09305 -0.03323 1.97729
v 0.09878 -0.01694 1.97729
v 0.00000 0.00000 1.97000
v 0.00000 0.00000 1.97000
v 0.00000 0.00000 1.97000
v 0.00000 0.00000 1.97000
v 0.00000 0.00000 1.97000
v 0.00000 0.00000 1.97000
v 0.00000 0.00000 1.97000
v 0.00000 0.00000 1.97000
v 0.00000 0.00000 1.97000
v -0.00000 0.00000 1.97000
v -0.00000 0.00000 1.97000
v -0.00000 0.00000 1.97000
v -0.00000 0.00000 1.97000
v -0.00000 0.00000 1.97000
v -0.00000 0.00000 1.97000
v -0.00000 0.00000 1.97000
v -0.00000 0.00000 1.97000
v -0.00000 -0.00000 1.97000
v -0.00000 -0.00000 1.97000
v -0.00000 -0.00000 1.97000
v -0.00000 -0.00000 1.97000
v -0.00000 -0.00000 1.97000
v -0.00000 -0.00000 1.97000
v -0.00000 -0.00000 1.97000
v -0.00000 -0.00000 1.97000
v 0.00000 -0.00000 1.97000
v 0.00000 -0.00000 1.97000
v 0.00000 -0.00000 1.97000
v 0.00000 -0.00000 1.97000
v 0.00000 -0.00000 1.97000
v 0.00000 -0.00000 1.97000
v 0.00000 -0.00000 1.97000
v -0.22000 -0.45000 2.60000
v -0.22000 -0.45000 2.60000
v -0.22000 -0.45000 2.60000
v -0.22000 -0.45000 2.60000
v -0.22000 -0.45000 2.60000
v -0.22000 -0.45000 2.60000
v -0.22000 -0.45000 2.60000
v -0.22000 -0.45000 2.60000
v -0.22000 -0.45000 2.60000
v -0.22000 -0.45000 2.60000
v -0.22000 -0.45000 2.60000
v -0.22000 -0.45000 2.60000
v -0.22000 -0.45000 2.60000
v -0.22000 -0.45000 2.60000
v -0.22000 -0.45000 2.60000
v -0.22000 -0.45000 2.60000
v -0.19528 -0.45000 2.59608
v -0.19716 -0.44586 2.59608
v -0.20252 -0.44235 2.59608
v -0.21054 -0.44001 2.59608
v -0.22000 -0.43918 2.59608
v -0.22946 -0.44001 2.59608
v -0.23748 -0.44235 2.59608
v -0.24284 -0.44586 2.59608
v -0.24472 -0.45000 2.59608
v -0.24284 -0.45414 2.59608
v -0.23748 -0.45765 2.59608
v -0.22946 -0.45999 2.59608
v -0.22000 -0.46082 2.59608
v -0.21054 -0.45999 2.59608
v -0.20252 -0.45765 2.59608
v -0.19716 -0.45414 2.59608
v -0.17298 -0.45000 2.58472
v -0.17656 -0.44213 2.58472
v -0.18675 -0.43545 2.58472
v -0.20201 -0.43099 2.58472
v -0.22000 -0.42943 2.58472
v -0.23799 -0.43099 2.58472
v -0.25325 -0.43545 2.58472
v -0.26344 -0.44213 2.58472
v -0.26702 -0.45000 2.58472
v -0.26344 -0.45787 2.58472
v -0.25325 -0.46455 2.58472
v -0.23799 -0.46901 2.58472
v -0.22000 -0.47057 2.58472
v -0.20201 -0.46901 2.58472
v -0.18675 -0.46455 2.58472
v -0.17656 -0.45787 2.58472
v -0.15528 -0.45000 2.56702
v -0.16021 -0.43916 2.56702
v -0.17424 -0.42998 2.56702
v -0.19523 -0.42384 2.56702
v -0.22000 -0.42168 2.56702
v -0.24477 -0.42384 2.56702
v -0.26576 -0.42998 2.56702
v -0.27979 -0.43916 2.56702
v -0.28472 -0.45000 2.56702
v -0.27979 -0.46084 2.56702
v -0.26576 -0.47002 2.56702
v -0.24477 -0.47616 2.56702
v -0.22000 -0.47832 2.56702
v -0.19523 -0.47616 2.56702
v -0.17424 -0.47002 2.56702
v -0.16021 -0.46084 2.56702
v -0.14392 -0.45000 2.54472
v -0.14971 -0.43726 2.54472
v -0.16620 -0.42646 2.54472
v -0.19088 -0.41925 2.54472
v -0.22000 -0.41671 2.54472
v -0.24912 -0.41925 2.54472
v -0.27380 -0.42646 2.54472
v -0.29029 -0.43726 2.54472
v -0.29608 -0.45000 2.54472
v -0.29029 -0.46274 2.54472
v -0.27380 -0.47354 2.54472
v -0.24912 -0.48075 2.54472
v -0.22000 -0.48329 2.54472
v -0.19088 -0.48075 2.54472
v -0.16620 -0.47354 2.54472
v -0.14971 -0.46274 2.54472
v -0.14000 -0.45000 2.52000
v -0.14609 -0.43661 2.52000
v -0.16343 -0.42525 2.52000
v -0.18939 -0.41766 2.52000
v -0.22000 -0.41500 2.52000
v -0.25061 -0.41766 2.52000
v -0.27657 -0.42525 2.52000
v -0.29391 -0.43661 2.52000
v -0.30000 -0.45000 2.52000
v -0.29391 -0.46339 2.52000
v -0.27657 -0.47475 2.52000
v -0.25061 -0.48234 2.52000
v -0.22000 -0.48500 2.52000
v -0.18939 -0.48234 2.52000
v -0.16343 -0.47475 2.52000
v -0.14609 -0.46339 2.52000
v -0.14392 -0.45000 2.49528
v -0.14971 -0.43726 2.49528
v -0.16620 -0.42646 2.49528
v -0.19088 -0.41925 2.49528
v -0.22000 -0.41671 2.49528
v -0.24912 -0.41925 2.49528
v -0.27380 -0.42646 2.49528
v -0.29029 -0.43726 2.49528
v -0.29608 -0.45000 2.49528
v -0.29029 -0.46274 2.49528
v -0.27380 -0.47354 2.49528
v -0.24912 -0.48075 2.49528
v -0.22000 -0.48329 2.49528
v -0.19088 -0.48075 2.49528
v -0.16620 -0.47354 2.49528
v -0.14971 -0.46274 2.49528
v -0.15528 -0.45000 2.47298
v -0.16021 -0.43916 2.47298
v -0.17424 -0.42998 2.47298
v -0.19523 -0.42384 2.47298
v -0.22000 -0.42168 2.47298
v -0.24477 -0.42384 2.47298
v -0.26576 -0.42998 2.47298
v -0.27979 -0.43916 2.47298
v -0.28472 -0.45000 2.47298
v -0.27979 -0.46084 2.47298
v -0.26576 -0.47002 2.47298
v -0.24477 -0.47616 2.47298
v -0.22000 -0.47832 2.47298
v -0.19523 -0.47616 2.47298
v -0.17424 -0.47002 2.47298
v -0.16021 -0.46084 2.47298
v -0.17298 -0.45000 2.45528
v -0.17656 -0.44213 2.45528
v -0.18675 -0.43545 2.45528
v -0.20201 -0.43099 2.45528
v -0.22000 -0.42943 2.45528
v -0.23799 -0.43099 2.45528
v -0.25325 -0.43545 2.45528
v -0.26344 -0.44213 2.45528
v -0.26702 -0.45000 2.45528
v -0.26344 -0.45787 2.45528
v -0.25325 -0.46455 2.45528
v -0.23799 -0.46901 2.45528
v -0.22000 -0.47057 2.45528
v -0.20201 -0.46901 2.45528
v -0.18675 -0.46455 2.45528
v -0.17656 -0.45787 2.45528
v -0.19528 -0.45000 2.44392
v -0.19716 -0.44586 2.44392
v -0.20252 -0.44235 2.44392
v -0.21054 -0.44001 2.44392
v -0.22000 -0.43918 2.44392
v -0.22946 -0.44001 2.44392
v -0.23748 -0.44235 2.44392
v -0.24284 -0.44586 2.44392
v -0.24472 -0.45000 2.44392
v -0.24284 -0.45414 2.44392
v -0.23748 -0.45765 2.44392
v -0.22946 -0.45999 2.44392
v -0.22000 -0.46082 2.44392
v -0.21054 -0.45999 2.44392
v -0.20252 -0.45765 2.44392
v -0.19716 -0.45414 2.44392
v -0.22000 -0.45000 2.44000
v -0.22000 -0.45000 2.44000
v -0.22000 -0.45000 2.44000
v -0.22000 -0.45000 2.44000
v -0.22000 -0.45000 2.44000
v -0.22000 -0.45000 2.44000
v -0.22000 -0.45000 2.44000
v -0.22000 -0.45000 2.44000
v -0.22000 -0.45000 2.44000
v -0.22000 -0.45000 2.44000
v -0.22000 -0.45000 2.44000
v -0.22000 -0.45000 2.44000
v -0.22000 -0.45000 2.44000
v -0.22000 -0.45000 2.44000
v -0.22000 -0.45000 2.44000
v -0.22000 -0.45000 2.44000
v 0.22000 -0.45000 2.60000
v 0.22000 -0.45000 2.60000
v 0.22000 -0.45000 2.60000
v 0.22000 -0.45000 2.60000
v 0.22000 -0.45000 2.60000
v 0.22000 -0.45000 2.60000
v 0.22000 -0.45000 2.60000
v 0.22000 -0.45000 2.60000
v 0.22000 -0.45000 2.60000
v 0.22000 -0.45000 2.60000
v 0.22000 -0.45000 2.60000
v 0.22000 -0.45000 2.60000
v 0.22000 -0.45000 2.60000
v 0.22000 -0.45000 2.60000
v 0.22000 -0.45000 2.60000
v 0.22000 -0.45000 2.60000
v 0.24472 -0.45000 2.59608
v 0.24284 -0.44586 2.59608
v 0.23748 -0.44235 2.59608
v 0.22946 -0.44001 2.59608
v 0.22000 -0.43918 2.59608
v 0.21054 -0.44001 2.59608
v 0.20252 -0.44235 2.59608
v 0.19716 -0.44586 2.59608
v 0.19528 -0.45000 2.59608
v 0.19716 -0.45414 2.59608
v 0.20252 -0.45765 2.59608
v 0.21054 -0.45999 2.59608
v 0.22000 -0.46082 2.59608
v 0.22946 -0.45999 2.59608
v 0.23748 -0.45765 2.59608
v 0.24284 -0.45414 2.59608
v 0.26702 -0.45000 2.58472
v 0.26344 -0.44213 2.58472
v 0.25325 -0.43545 2.58472
v 0.23799 -0.43099 2.58472
v 0.22000 -0.42943 2.58472
v 0.20201 -0.43099 2.58472
v 0.18675 -0.43545 2.58472
v 0.17656 -0.44213 2.58472
v 0.17298 -0.45000 2.58472
v 0.17656 -0.45787 2.58472
v 0.18675 -0.46455 2.58472
v 0.20201 -0.46901 2.58472
v 0.22000 -0.47057 2.58472
v 0.23799 -0.46901 2.58472
v 0.25325 -0.46455 2.58472
v 0.26344 -0.45787 2.58472
v 0.28472 -0.45000 2.56702
v 0.27979 -0.43916 2.56702
v 0.26576 -0.42998 2.56702
v 0.24477 -0.42384 2.56702
v 0.22000 -0.42168 2.56702
v 0.19523 -0.42384 2.56702
v 0.17424 -0.42998 2.56702
v 0.16021 -0.43916 2.56702
v 0.15528 -0.45000 2.56702
v 0.16021 -0.46084 2.56702
v 0.17424 -0.47002 2.56702
v 0.19523 -0.47616 2.56702
v 0.22000 -0.47832 2.56702
v 0.24477 -0.47616 2.56702
v 0.26576 -0.47002 2.56702
v 0.27979 -0.46084 2.56702
v 0.29608 -0.45000 2.54472
v 0.29029 -0.43726 2.54472
v 0.27380 -0.42646 2.54472
v 0.24912 -0.41925 2.54472
v 0.22000 -0.41671 2.54472
v 0.19088 -0.41925 2.54472
v 0.16620 -0.42646 2.54472
v 0.14971 -0.43726 2.54472
v 0.14392 -0.45000 2.54472
v 0.14971 -0.46274 2.54472
v 0.16620 -0.47354 2.54472
v 0.19088 -0.48075 2.54472
v 0.22000 -0.48329 2.54472
v 0.24912 -0.48075 2.54472
v 0.27380 -0.47354 2.54472
v 0.29029 -0.46274 2.54472
v 0.30000 -0.45000 2.52000
v 0.29391 -0.43661 2.52000
v 0.27657 -0.42525 2.52000
v 0.25061 -0.41766 2.52000
v 0.22000 -0.41500 2.52000
v 0.18939 -0.41766 2.52000
v 0.16343 -0.42525 2.52000
v 0.14609 -0.43661 2.52000
v 0.14000 -0.45000 2.52000
v 0.14609 -0.46339 2.52000
v 0.16343 -0.47475 2.52000
v 0.18939 -0.48234 2.52000
v 0.22000 -0.48500 2.52000
v 0.25061 -0.48234 2.52000
v 0.27657 -0.47475 2.52000
v 0.29391 -0.46339 2.52000
v 0.29608 -0.45000 2.49528
v 0.29029 -0.43726 2.49528
v 0.27380 -0.42646 2.49528
v 0.24912 -0.41925 2.49528
v 0.22000 -0.41671 2.49528
v 0.19088 -0.41925 2.49528
v 0.16620 -0.42646 2.49528
v 0.14971 -0.43726 2.49528
v 0.14392 -0.45000 2.49528
v 0.14971 -0.46274 2.49528
v 0.16620 -0.47354 2.49528
v 0.19088 -0.48075 2.49528
v 0.22000 -0.48329 2.49528
v 0.24912 -0.48075 2.49528
v 0.27380 -0.47354 2.49528
v 0.29029 -0.46274 2.49528
v 0.28472 -0.45000 2.47298
v 0.27979 -0.43916 2.47298
v 0.26576 -0.42998 2.47298
v 0.24477 -0.42384 2.47298
v 0.22000 -0.42168 2.47298
v 0.19523 -0.42384 2.47298
v 0.17424 -0.42998 2.47298
v 0.16021 -0.43916 2.47298
v 0.15528 -0.45000 2.47298
v 0.16021 -0.46084 2.47298
v 0.17424 -0.47002 2.47298
v 0.19523 -0.47616 2.47298
v 0.22000 -0.47832 2.47298
v 0.24477 -0.47616 2.47298
v 0.26576 -0.47002 2.47298
v 0.27979 -0.46084 2.47298
v 0.26702 -0.45000 2.45528
v 0.26344 -0.44213 2.45528
v 0.25325 -0.43545 2.45528
v 0.23799 -0.43099 2.45528
v 0.22000 -0.42943 2.45528
v 0.20201 -0.43099 2.45528
v 0.18675 -0.43545 2.45528
v 0.17656 -0.44213 2.45528
v 0.17298 -0.45000 2.45528
v 0.17656 -0.45787 2.45528
v 0.18675 -0.46455 2.45528
v 0.20201 -0.46901 2.45528
v 0.22000 -0.47057 2.45528
v 0.23799 -0.46901 2.45528
v 0.25325 -0.46455 2.45528
v 0.26344 -0.45787 2.45528
v 0.24472 -0.45000 2.44392
v 0.24284 -0.44586 2.44392
v 0.23748 -0.44235 2.44392
v 0.22946 -0.44001 2.44392
v 0.22000 -0.43918 2.44392
v 0.21054 -0.44001 2.44392
v 0.20252 -0.44235 2.44392
v 0.19716 -0.44586 2.44392
v 0.19528 -0.45000 2.44392
v 0.19716 -0.45414 2.44392
v 0.20252 -0.45765 2.44392
v 0.21054 -0.45999 2.44392
v 0.22000 -0.46082 2.44392
v 0.22946 -0.45999 2.44392
v 0.23748 -0.45765 2.44392
v 0.24284 -0.45414 2.44392
v 0.22000 -0.45000 2.44000
v 0.22000 -0.45000 2.44000
v 0.22000 -0.45000 2.44000
v 0.22000 -0.45000 2.44000
v 0.22000 -0.45000 2.44000
v 0.22000 -0.45000 2.44000
v 0.22000 -0.45000 2.44000
v 0.22000 -0.45000 2.44000
v 0.22000 -0.45000 2.44000
v 0.22000 -0.45000 2.44000
v 0.22000 -0.45000 2.44000
v 0.22000 -0.45000 2.44000
v 0.22000 -0.45000 2.44000
v 0.22000 -0.45000 2.44000
v 0.22000 -0.45000 2.44000
v 0.22000 -0.45000 2.44000
v -0.23500 -0.58000 1.27000
v -0.12500 -0.58000 1.27000
v -0.12500 -0.52000 1.27000
v -0.23500 -0.52000 1.27000
v -0.23500 -0.58000 1.83000
v -0.12500 -0.58000 1.83000
v -0.12500 -0.52000 1.83000
v -0.23500 -0.52000 1.83000
v -0.21000 -0.58000 1.74500
v 0.25000 -0.58000 1.74500
v 0.25000 -0.52000 1.74500
v -0.21000 -0.52000 1.74500
v -0.21000 -0.58000 1.85500
v 0.25000 -0.58000 1.85500
v 0.25000 -0.52000 1.85500
v -0.21000 -0.52000 1.85500
v -0.21000 -0.58000 1.24500
v 0.25000 -0.58000 1.24500
v 0.25000 -0.52000 1.24500
v -0.21000 -0.52000 1.24500
v -0.21000 -0.58000 1.35500
v 0.25000 -0.58000 1.35500
v 0.25000 -0.52000 1.35500
v -0.21000 -0.52000 1.35500
v -0.09000 -0.58000 1.47800
v 0.25000 -0.58000 1.47800
v 0.25000 -0.52000 1.47800
v -0.09000 -0.52000 1.47800
v -0.09000 -0.58000 1.58200
v 0.25000 -0.58000 1.58200
v 0.25000 -0.52000 1.58200
v -0.09000 -0.52000 1.58200
v 0.21800 -0.58000 1.28000
v 0.32200 -0.58000 1.28000
v 0.32200 -0.52000 1.28000
v 0.21800 -0.52000 1.28000
v 0.21800 -0.58000 1.54000
v 0.32200 -0.58000 1.54000
v 0.32200 -0.52000 1.54000
v 0.21800 -0.52000 1.54000
v -0.25200 0.02000 2.74000
v -0.25200 0.02000 3.16000
v -0.25270 0.02623 2.74000
v -0.25270 0.02623 3.16000
v -0.25477 0.03215 2.74000
v -0.25477 0.03215 3.16000
v -0.25811 0.03746 2.74000
v -0.25811 0.03746 3.16000
v -0.26254 0.04189 2.74000
v -0.26254 0.04189 3.16000
v -0.26785 0.04523 2.74000
v -0.26785 0.04523 3.16000
v -0.27377 0.04730 2.74000
v -0.27377 0.04730 3.16000
v -0.28000 0.04800 2.74000
v -0.28000 0.04800 3.16000
v -0.28623 0.04730 2.74000
v -0.28623 0.04730 3.16000
v -0.29215 0.04523 2.74000
v -0.29215 0.04523 3.16000
v -0.29746 0.04189 2.74000
v -0.29746 0.04189 3.16000
v -0.30189 0.03746 2.74000
v -0.30189 0.03746 3.16000
v -0.30523 0.03215 2.74000
v -0.30523 0.03215 3.16000
v -0.30730 0.02623 2.74000
v -0.30730 0.02623 3.16000
v -0.30800 0.02000 2.74000
v -0.30800 0.02000 3.16000
v -0.30730 0.01377 2.74000
v -0.30730 0.01377 3.16000
v -0.30523 0.00785 2.74000
v -0.30523 0.00785 3.16000
v -0.30189 0.00254 2.74000
v -0.30189 0.00254 3.16000
v -0.29746 -0.00189 2.74000
v -0.29746 -0.00189 3.16000
v -0.29215 -0.00523 2.74000
v -0.29215 -0.00523 3.16000
v -0.28623 -0.00730 2.74000
v -0.28623 -0.00730 3.16000
v -0.28000 -0.00800 2.74000
v -0.28000 -0.00800 3.16000
v -0.27377 -0.00730 2.74000
v -0.27377 -0.00730 3.16000
v -0.26785 -0.00523 2.74000
v -0.26785 -0.00523 3.16000
v -0.26254 -0.00189 2.74000
v -0.26254 -0.00189 3.16000
v -0.25811 0.00254 2.74000
v -0.25811 0.00254 3.16000
v -0.25477 0.00785 2.74000
v -0.25477 0.00785 3.16000
v -0.25270 0.01377 2.74000
v -0.25270 0.01377 3.16000
v 0.30800 0.02000 2.74000
v 0.30800 0.02000 3.16000
v 0.30730 0.02623 2.74000
v 0.30730 0.02623 3.16000
v 0.30523 0.03215 2.74000
v 0.30523 0.03215 3.16000
v 0.30189 0.03746 2.74000
v 0.30189 0.03746 3.16000
v 0.29746 0.04189 2.74000
v 0.29746 0.04189 3.16000
v 0.29215 0.04523 2.74000
v 0.29215 0.04523 3.16000
v 0.28623 0.04730 2.74000
v 0.28623 0.04730 3.16000
v 0.28000 0.04800 2.74000
v 0.28000 0.04800 3.16000
v 0.27377 0.04730 2.74000
v 0.27377 0.04730 3.16000
v 0.26785 0.04523 2.74000
v 0.26785 0.04523 3.16000
v 0.26254 0.04189 2.74000
v 0.26254 0.04189 3.16000
v 0.25811 0.03746 2.74000
v 0.25811 0.03746 3.16000
v 0.25477 0.03215 2.74000
v 0.25477 0.03215 3.16000
v 0.25270 0.02623 2.74000
v 0.25270 0.02623 3.16000
v 0.25200 0.02000 2.74000
v 0.25200 0.02000 3.16000
v 0.25270 0.01377 2.74000
v 0.25270 0.01377 3.16000
v 0.25477 0.00785 2.74000
v 0.25477 0.00785 3.16000
v 0.25811 0.00254 2.74000
v 0.25811 0.00254 3.16000
v 0.26254 -0.00189 2.74000
v 0.26254 -0.00189 3.16000
v 0.26785 -0.00523 2.74000
v 0.26785 -0.00523 3.16000
v 0.27377 -0.00730 2.74000
v 0.27377 -0.00730 3.16000
v 0.28000 -0.00800 2.74000
v 0.28000 -0.00800 3.16000
v 0.28623 -0.00730 2.74000
v 0.28623 -0.00730 3.16000
v 0.29215 -0.00523 2.74000
v 0.29215 -0.00523 3.16000
v 0.29746 -0.00189 2.74000
v 0.29746 -0.00189 3.16000
v 0.30189 0.00254 2.74000
v 0.30189 0.00254 3.16000
v 0.30523 0.00785 2.74000
v 0.30523 0.00785 3.16000
v 0.30730 0.01377 2.74000
v 0.30730 0.01377 3.16000
v -0.28000 0.02000 3.26500
v -0.28000 0.02000 3.26500
v -0.28000 0.02000 3.26500
v -0.28000 0.02000 3.26500
v -0.28000 0.02000 3.26500
v -0.28000 0.02000 3.26500
v -0.28000 0.02000 3.26500
v -0.28000 0.02000 3.26500
v -0.28000 0.02000 3.26500
v -0.28000 0.02000 3.26500
v -0.28000 0.02000 3.26500
v -0.28000 0.02000 3.26500
v -0.28000 0.02000 3.26500
v -0.28000 0.02000 3.26500
v -0.25130 0.02000 3.25929
v -0.25414 0.03245 3.25929
v -0.26211 0.04244 3.25929
v -0.27361 0.04798 3.25929
v -0.28639 0.04798 3.25929
v -0.29789 0.04244 3.25929
v -0.30586 0.03245 3.25929
v -0.30870 0.02000 3.25929
v -0.30586 0.00755 3.25929
v -0.29789 -0.00244 3.25929
v -0.28639 -0.00798 3.25929
v -0.27361 -0.00798 3.25929
v -0.26211 -0.00244 3.25929
v -0.25414 0.00755 3.25929
v -0.22697 0.02000 3.24303
v -0.23222 0.04301 3.24303
v -0.24693 0.06146 3.24303
v -0.26820 0.07170 3.24303
v -0.29180 0.07170 3.24303
v -0.31307 0.06146 3.24303
v -0.32778 0.04301 3.24303
v -0.33303 0.02000 3.24303
v -0.32778 -0.00301 3.24303
v -0.31307 -0.02146 3.24303
v -0.29180 -0.03170 3.24303
v -0.26820 -0.03170 3.24303
v -0.24693 -0.02146 3.24303
v -0.23222 -0.00301 3.24303
v -0.21071 0.02000 3.21870
v -0.21757 0.05006 3.21870
v -0.23680 0.07417 3.21870
v -0.26458 0.08755 3.21870
v -0.29542 0.08755 3.21870
v -0.32320 0.07417 3.21870
v -0.34243 0.05006 3.21870
v -0.34929 0.02000 3.21870
v -0.34243 -0.01006 3.21870
v -0.32320 -0.03417 3.21870
v -0.29542 -0.04755 3.21870
v -0.26458 -0.04755 3.21870
v -0.23680 -0.03417 3.21870
v -0.21757 -0.01006 3.21870
v -0.20500 0.02000 3.19000
v -0.21243 0.05254 3.19000
v -0.23324 0.07864 3.19000
v -0.26331 0.09312 3.19000
v -0.29669 0.09312 3.19000
v -0.32676 0.07864 3.19000
v -0.34757 0.05254 3.19000
v -0.35500 0.02000 3.19000
v -0.34757 -0.01254 3.19000
v -0.32676 -0.03864 3.19000
v -0.29669 -0.05312 3.19000
v -0.26331 -0.05312 3.19000
v -0.23324 -0.03864 3.19000
v -0.21243 -0.01254 3.19000
v -0.21071 0.02000 3.16130
v -0.21757 0.05006 3.16130
v -0.23680 0.07417 3.16130
v -0.26458 0.08755 3.16130
v -0.29542 0.08755 3.16130
v -0.32320 0.07417 3.16130
v -0.34243 0.05006 3.16130
v -0.34929 0.02000 3.16130
v -0.34243 -0.01006 3.16130
v -0.32320 -0.03417 3.16130
v -0.29542 -0.04755 3.16130
v -0.26458 -0.04755 3.16130
v -0.23680 -0.03417 3.16130
v -0.21757 -0.01006 3.16130
v -0.22697 0.02000 3.13697
v -0.23222 0.04301 3.13697
v -0.24693 0.06146 3.13697
v -0.26820 0.07170 3.13697
v -0.29180 0.07170 3.13697
v -0.31307 0.06146 3.13697
v -0.32778 0.04301 3.13697
v -0.33303 0.02000 3.13697
v -0.32778 -0.00301 3.13697
v -0.31307 -0.02146 3.13697
v -0.29180 -0.03170 3.13697
v -0.26820 -0.03170 3.13697
v -0.24693 -0.02146 3.13697
v -0.23222 -0.00301 3.13697
v -0.25130 0.02000 3.12071
v -0.25414 0.03245 3.12071
v -0.26211 0.04244 3.12071
v -0.27361 0.04798 3.12071
v -0.28639 0.04798 3.12071
v -0.29789 0.04244 3.12071
v -0.30586 0.03245 3.12071
v -0.30870 0.02000 3.12071
v -0.30586 0.00755 3.12071
v -0.29789 -0.00244 3.12071
v -0.28639 -0.00798 3.12071
v -0.27361 -0.00798 3.12071
v -0.26211 -0.00244 3.12071
v -0.25414 0.00755 3.12071
v -0.28000 0.02000 3.11500
v -0.28000 0.02000 3.11500
v -0.28000 0.02000 3.11500
v -0.28000 0.02000 3.11500
v -0.28000 0.02000 3.11500
v -0.28000 0.02000 3.11500
v -0.28000 0.02000 3.11500
v -0.28000 0.02000 3.11500
v -0.28000 0.02000 3.11500
v -0.28000 0.02000 3.11500
v -0.28000 0.02000 3.11500
v -0.28000 0.02000 3.11500
v -0.28000 0.02000 3.11500
v -0.28000 0.02000 3.11500
v 0.28000 0.02000 3.26500
v 0.28000 0.02000 3.26500
v 0.28000 0.02000 3.26500
v 0.28000 0.02000 3.26500
v 0.28000 0.02000 3.26500
v 0.28000 0.02000 3.26500
v 0.28000 0.02000 3.26500
v 0.28000 0.02000 3.26500
v 0.28000 0.02000 3.26500
v 0.28000 0.02000 3.26500
v 0.28000 0.02000 3.26500
v 0.28000 0.02000 3.26500
v 0.28000 0.02000 3.26500
v 0.28000 0.02000 3.26500
v 0.30870 0.02000 3.25929
v 0.30586 0.03245 3.25929
v 0.29789 0.04244 3.25929
v 0.28639 0.04798 3.25929
v 0.27361 0.04798 3.25929
v 0.26211 0.04244 3.25929
v 0.25414 0.03245 3.25929
v 0.25130 0.02000 3.25929
v 0.25414 0.00755 3.25929
v 0.26211 -0.00244 3.25929
v 0.27361 -0.00798 3.25929
v 0.28639 -0.00798 3.25929
v 0.29789 -0.00244 3.25929
v 0.30586 0.00755 3.25929
v 0.33303 0.02000 3.24303
v 0.32778 0.04301 3.24303
v 0.31307 0.06146 3.24303
v 0.29180 0.07170 3.24303
v 0.26820 0.07170 3.24303
v 0.24693 0.06146 3.24303
v 0.23222 0.04301 3.24303
v 0.22697 0.02000 3.24303
v 0.23222 -0.00301 3.24303
v 0.24693 -0.02146 3.24303
v 0.26820 -0.03170 3.24303
v 0.29180 -0.03170 3.24303
v 0.31307 -0.02146 3.24303
v 0.32778 -0.00301 3.24303
v 0.34929 0.02000 3.21870
v 0.34243 0.05006 3.21870
v 0.32320 0.07417 3.21870
v 0.29542 0.08755 3.21870
v 0.26458 0.08755 3.21870
v 0.23680 0.07417 3.21870
v 0.21757 0.05006 3.21870
v 0.21071 0.02000 3.21870
v 0.21757 -0.01006 3.21870
v 0.23680 -0.03417 3.21870
v 0.26458 -0.04755 3.21870
v 0.29542 -0.04755 3.21870
v 0.32320 -0.03417 3.21870
v 0.34243 -0.01006 3.21870
v 0.35500 0.02000 3.19000
v 0.34757 0.05254 3.19000
v 0.32676 0.07864 3.19000
v 0.29669 0.09312 3.19000
v 0.26331 0.09312 3.19000
v 0.23324 0.07864 3.19000
v 0.21243 0.05254 3.19000
v 0.20500 0.02000 3.19000
v 0.21243 -0.01254 3.19000
v 0.23324 -0.03864 3.19000
v 0.26331 -0.05312 3.19000
v 0.29669 -0.05312 3.19000
v 0.32676 -0.03864 3.19000
v 0.34757 -0.01254 3.19000
v 0.34929 0.02000 3.16130
v 0.34243 0.05006 3.16130
v 0.32320 0.07417 3.16130
v 0.29542 0.08755 3.16130
v 0.26458 0.08755 3.16130
v 0.23680 0.07417 3.16130
v 0.21757 0.05006 3.16130
v 0.21071 0.02000 3.16130
v 0.21757 -0.01006 3.16130
v 0.23680 -0.03417 3.16130
v 0.26458 -0.04755 3.16130
v 0.29542 -0.04755 3.16130
v 0.32320 -0.03417 3.16130
v 0.34243 -0.01006 3.16130
v 0.33303 0.02000 3.13697
v 0.32778 0.04301 3.13697
v 0.31307 0.06146 3.13697
v 0.29180 0.07170 3.13697
v 0.26820 0.07170 3.13697
v 0.24693 0.06146 3.13697
v 0.23222 0.04301 3.13697
v 0.22697 0.02000 3.13697
v 0.23222 -0.00301 3.13697
v 0.24693 -0.02146 3.13697
v 0.26820 -0.03170 3.13697
v 0.29180 -0.03170 3.13697
v 0.31307 -0.02146 3.13697
v 0.32778 -0.00301 3.13697
v 0.30870 0.02000 3.12071
v 0.30586 0.03245 3.12071
v 0.29789 0.04244 3.12071
v 0.28639 0.04798 3.12071
v 0.27361 0.04798 3.12071
v 0.26211 0.04244 3.12071
v 0.25414 0.03245 3.12071
v 0.25130 0.02000 3.12071
v 0.25414 0.00755 3.12071
v 0.26211 -0.00244 3.12071
v 0.27361 -0.00798 3.12071
v 0.28639 -0.00798 3.12071
v 0.29789 -0.00244 3.12071
v 0.30586 0.00755 3.12071
v 0.28000 0.02000 3.11500
v 0.28000 0.02000 3.11500
v 0.28000 0.02000 3.11500
v 0.28000 0.02000 3.11500
v 0.28000 0.02000 3.11500
v 0.28000 0.02000 3.11500
v 0.28000 0.02000 3.11500
v 0.28000 0.02000 3.11500
v 0.28000 0.02000 3.11500
v 0.28000 0.02000 3.11500
v 0.28000 0.02000 3.11500
v 0.28000 0.02000 3.11500
v 0.28000 0.02000 3.11500
v 0.28000 0.02000 3.11500
v -0.99000 0.05000 1.58000
v -0.37000 0.05000 1.58000
v -0.99000 0.04824 1.59558
v -0.37000 0.04824 1.59558
v -0.99000 0.04307 1.61037
v -0.37000 0.04307 1.61037
v -0.99000 0.03473 1.62364
v -0.37000 0.03473 1.62364
v -0.99000 0.02364 1.63473
v -0.37000 0.02364 1.63473
v -0.99000 0.01037 1.64307
v -0.37000 0.01037 1.64307
v -0.99000 -0.00442 1.64824
v -0.37000 -0.00442 1.64824
v -0.99000 -0.02000 1.65000
v -0.37000 -0.02000 1.65000
v -0.99000 -0.03558 1.64824
v -0.37000 -0.03558 1.64824
v -0.99000 -0.05037 1.64307
v -0.37000 -0.05037 1.64307
v -0.99000 -0.06364 1.63473
v -0.37000 -0.06364 1.63473
v -0.99000 -0.07473 1.62364
v -0.37000 -0.07473 1.62364
v -0.99000 -0.08307 1.61037
v -0.37000 -0.08307 1.61037
v -0.99000 -0.08824 1.59558
v -0.37000 -0.08824 1.59558
v -0.99000 -0.09000 1.58000
v -0.37000 -0.09000 1.58000
v -0.99000 -0.08824 1.56442
v -0.37000 -0.08824 1.56442
v -0.99000 -0.08307 1.54963
v -0.37000 -0.08307 1.54963
v -0.99000 -0.07473 1.53636
v -0.37000 -0.07473 1.53636
v -0.99000 -0.06364 1.52527
v -0.37000 -0.06364 1.52527
v -0.99000 -0.05037 1.51693
v -0.37000 -0.05037 1.51693
v -0.99000 -0.03558 1.51176
v -0.37000 -0.03558 1.51176
v -0.99000 -0.02000 1.51000
v -0.37000 -0.02000 1.51000
v -0.99000 -0.00442 1.51176
v -0.37000 -0.00442 1.51176
v -0.99000 0.01037 1.51693
v -0.37000 0.01037 1.51693
v -0.99000 0.02364 1.52527
v -0.37000 0.02364 1.52527
v -0.99000 0.03473 1.53636
v -0.37000 0.03473 1.53636
v -0.99000 0.04307 1.54963
v -0.37000 0.04307 1.54963
v -0.99000 0.04824 1.56442
v -0.37000 0.04824 1.56442
v 0.37000 0.05000 1.58000
v 0.99000 0.05000 1.58000
v 0.37000 0.04824 1.59558
v 0.99000 0.04824 1.59558
v 0.37000 0.04307 1.61037
v 0.99000 0.04307 1.61037
v 0.37000 0.03473 1.62364
v 0.99000 0.03473 1.62364
v 0.37000 0.02364 1.63473
v 0.99000 0.02364 1.63473
v 0.37000 0.01037 1.64307
v 0.99000 0.01037 1.64307
v 0.37000 -0.00442 1.64824
v 0.99000 -0.00442 1.64824
v 0.37000 -0.02000 1.65000
v 0.99000 -0.02000 1.65000
v 0.37000 -0.03558 1.64824
v 0.99000 -0.03558 1.64824
v 0.37000 -0.05037 1.64307
v 0.99000 -0.05037 1.64307
v 0.37000 -0.06364 1.63473
v 0.99000 -0.06364 1.63473
v 0.37000 -0.07473 1.62364
v 0.99000 -0.07473 1.62364
v 0.37000 -0.08307 1.61037
v 0.99000 -0.08307 1.61037
v 0.37000 -0.08824 1.59558
v 0.99000 -0.08824 1.59558
v 0.37000 -0.09000 1.58000
v 0.99000 -0.09000 1.58000
v 0.37000 -0.08824 1.56442
v 0.99000 -0.08824 1.56442
v 0.37000 -0.08307 1.54963
v 0.99000 -0.08307 1.54963
v 0.37000 -0.07473 1.53636
v 0.99000 -0.07473 1.53636
v 0.37000 -0.06364 1.52527
v 0.99000 -0.06364 1.52527
v 0.37000 -0.05037 1.51693
v 0.99000 -0.05037 1.51693
v 0.37000 -0.03558 1.51176
v 0.99000 -0.03558 1.51176
v 0.37000 -0.02000 1.51000
v 0.99000 -0.02000 1.51000
v 0.37000 -0.00442 1.51176
v 0.99000 -0.00442 1.51176
v 0.37000 0.01037 1.51693
v 0.99000 0.01037 1.51693
v 0.37000 0.02364 1.52527
v 0.99000 0.02364 1.52527
v 0.37000 0.03473 1.53636
v 0.99000 0.03473 1.53636
v 0.37000 0.04307 1.54963
v 0.99000 0.04307 1.54963
v 0.37000 0.04824 1.56442
v 0.99000 0.04824 1.56442
v -1.00000 -0.02000 1.69000
v -1.00000 -0.02000 1.69000
v -1.00000 -0.02000 1.69000
v -1.00000 -0.02000 1.69000
v -1.00000 -0.02000 1.69000
v -1.00000 -0.02000 1.69000
v -1.00000 -0.02000 1.69000
v -1.00000 -0.02000 1.69000
v -1.00000 -0.02000 1.69000
v -1.00000 -0.02000 1.69000
v -1.00000 -0.02000 1.69000
v -1.00000 -0.02000 1.69000
v -1.00000 -0.02000 1.69000
v -1.00000 -0.02000 1.69000
v -1.00000 -0.02000 1.69000
v -1.00000 -0.02000 1.69000
v -0.96601 -0.02000 1.68462
v -0.96860 -0.00699 1.68462
v -0.97596 0.00404 1.68462
v -0.98699 0.01140 1.68462
v -1.00000 0.01399 1.68462
v -1.01301 0.01140 1.68462
v -1.02404 0.00404 1.68462
v -1.03140 -0.00699 1.68462
v -1.03399 -0.02000 1.68462
v -1.03140 -0.03301 1.68462
v -1.02404 -0.04404 1.68462
v -1.01301 -0.05140 1.68462
v -1.00000 -0.05399 1.68462
v -0.98699 -0.05140 1.68462
v -0.97596 -0.04404 1.68462
v -0.96860 -0.03301 1.68462
v -0.93534 -0.02000 1.66899
v -0.94027 0.00474 1.66899
v -0.95428 0.02572 1.66899
v -0.97526 0.03973 1.66899
v -1.00000 0.04466 1.66899
v -1.02474 0.03973 1.66899
v -1.04572 0.02572 1.66899
v -1.05973 0.00474 1.66899
v -1.06466 -0.02000 1.66899
v -1.05973 -0.04474 1.66899
v -1.04572 -0.06572 1.66899
v -1.02474 -0.07973 1.66899
v -1.00000 -0.08466 1.66899
v -0.97526 -0.07973 1.66899
v -0.95428 -0.06572 1.66899
v -0.94027 -0.04474 1.66899
v -0.91101 -0.02000 1.64466
v -0.91778 0.01406 1.64466
v -0.93707 0.04293 1.64466
v -0.96594 0.06222 1.64466
v -1.00000 0.06899 1.64466
v -1.03406 0.06222 1.64466
v -1.06293 0.04293 1.64466
v -1.08222 0.01406 1.64466
v -1.08899 -0.02000 1.64466
v -1.08222 -0.05406 1.64466
v -1.06293 -0.08293 1.64466
v -1.03406 -0.10222 1.64466
v -1.00000 -0.10899 1.64466
v -0.96594 -0.10222 1.64466
v -0.93707 -0.08293 1.64466
v -0.91778 -0.05406 1.64466
v -0.89538 -0.02000 1.61399
v -0.90335 0.02003 1.61399
v -0.92603 0.05397 1.61399
v -0.95997 0.07665 1.61399
v -1.00000 0.08462 1.61399
v -1.04003 0.07665 1.61399
v -1.07397 0.05397 1.61399
v -1.09665 0.02003 1.61399
v -1.10462 -0.02000 1.61399
v -1.09665 -0.06003 1.61399
v -1.07397 -0.09397 1.61399
v -1.04003 -0.11665 1.61399
v -1.00000 -0.12462 1.61399
v -0.95997 -0.11665 1.61399
v -0.92603 -0.09397 1.61399
v -0.90335 -0.06003 1.61399
v -0.89000 -0.02000 1.58000
v -0.89837 0.02210 1.58000
v -0.92222 0.05778 1.58000
v -0.95790 0.08163 1.58000
v -1.00000 0.09000 1.58000
v -1.04210 0.08163 1.58000
v -1.07778 0.05778 1.58000
v -1.10163 0.02210 1.58000
v -1.11000 -0.02000 1.58000
v -1.10163 -0.06210 1.58000
v -1.07778 -0.09778 1.58000
v -1.04210 -0.12163 1.58000
v -1.00000 -0.13000 1.58000
v -0.95790 -0.12163 1.58000
v -0.92222 -0.09778 1.58000
v -0.89837 -0.06210 1.58000
v -0.89538 -0.02000 1.54601
v -0.90335 0.02003 1.54601
v -0.92603 0.05397 1.54601
v -0.95997 0.07665 1.54601
v -1.00000 0.08462 1.54601
v -1.04003 0.07665 1.54601
v -1.07397 0.05397 1.54601
v -1.09665 0.02003 1.54601
v -1.10462 -0.02000 1.54601
v -1.09665 -0.06003 1.54601
v -1.07397 -0.09397 1.54601
v -1.04003 -0.11665 1.54601
v -1.00000 -0.12462 1.54601
v -0.95997 -0.11665 1.54601
v -0.92603 -0.09397 1.54601
v -0.90335 -0.06003 1.54601
v -0.91101 -0.02000 1.51534
v -0.91778 0.01406 1.51534
v -0.93707 0.04293 1.51534
v -0.96594 0.06222 1.51534
v -1.00000 0.06899 1.51534
v -1.03406 0.06222 1.51534
v -1.06293 0.04293 1.51534
v -1.08222 0.01406 1.51534
v -1.08899 -0.02000 1.51534
v -1.08222 -0.05406 1.51534
v -1.06293 -0.08293 1.51534
v -1.03406 -0.10222 1.51534
v -1.00000 -0.10899 1.51534
v -0.96594 -0.10222 1.51534
v -0.93707 -0.08293 1.51534
v -0.91778 -0.05406 1.51534
v -0.93534 -0.02000 1.49101
v -0.94027 0.00474 1.49101
v -0.95428 0.02572 1.49101
v -0.97526 0.03973 1.49101
v -1.00000 0.04466 1.49101
v -1.02474 0.03973 1.49101
v -1.04572 0.02572 1.49101
v -1.05973 0.00474 1.49101
v -1.06466 -0.02000 1.49101
v -1.05973 -0.04474 1.49101
v -1.04572 -0.06572 1.49101
v -1.02474 -0.07973 1.49101
v -1.00000 -0.08466 1.49101
v -0.97526 -0.07973 1.49101
v -0.95428 -0.06572 1.49101
v -0.94027 -0.04474 1.49101
v -0.96601 -0.02000 1.47538
v -0.96860 -0.00699 1.47538
v -0.97596 0.00404 1.47538
v -0.98699 0.01140 1.47538
v -1.00000 0.01399 1.47538
v -1.01301 0.01140 1.47538
v -1.02404 0.00404 1.47538
v -1.03140 -0.00699 1.47538
v -1.03399 -0.02000 1.47538
v -1.03140 -0.03301 1.47538
v -1.02404 -0.04404 1.47538
v -1.01301 -0.05140 1.47538
v -1.00000 -0.05399 1.47538
v -0.98699 -0.05140 1.47538
v -0.97596 -0.04404 1.47538
v -0.96860 -0.03301 1.47538
v -1.00000 -0.02000 1.47000
v -1.00000 -0.02000 1.47000
v -1.00000 -0.02000 1.47000
v -1.00000 -0.02000 1.47000
v -1.00000 -0.02000 1.47000
v -1.00000 -0.02000 1.47000
v -1.00000 -0.02000 1.47000
v -1.00000 -0.02000 1.47000
v -1.00000 -0.02000 1.47000
v -1.00000 -0.02000 1.47000
v -1.00000 -0.02000 1.47000
v -1.00000 -0.02000 1.47000
v -1.00000 -0.02000 1.47000
v -1.00000 -0.02000 1.47000
v -1.00000 -0.02000 1.47000
v -1.00000 -0.02000 1.47000
v 1.00000 -0.02000 1.69000
v 1.00000 -0.02000 1.69000
v 1.00000 -0.02000 1.69000
v 1.00000 -0.02000 1.69000
v 1.00000 -0.02000 1.69000
v 1.00000 -0.02000 1.69000
v 1.00000 -0.02000 1.69000
v 1.00000 -0.02000 1.69000
v 1.00000 -0.02000 1.69000
v 1.00000 -0.02000 1.69000
v 1.00000 -0.02000 1.69000
v 1.00000 -0.02000 1.69000
v 1.00000 -0.02000 1.69000
v 1.00000 -0.02000 1.69000
v 1.00000 -0.02000 1.69000
v 1.00000 -0.02000 1.69000
v 1.03399 -0.02000 1.68462
v 1.03140 -0.00699 1.68462
v 1.02404 0.00404 1.68462
v 1.01301 0.01140 1.68462
v 1.00000 0.01399 1.68462
v 0.98699 0.01140 1.68462
v 0.97596 0.00404 1.68462
v 0.96860 -0.00699 1.68462
v 0.96601 -0.02000 1.68462
v 0.96860 -0.03301 1.68462
v 0.97596 -0.04404 1.68462
v 0.98699 -0.05140 1.68462
v 1.00000 -0.05399 1.68462
v 1.01301 -0.05140 1.68462
v 1.02404 -0.04404 1.68462
v 1.03140 -0.03301 1.68462
v 1.06466 -0.02000 1.66899
v 1.05973 0.00474 1.66899
v 1.04572 0.02572 1.66899
v 1.02474 0.03973 1.66899
v 1.00000 0.04466 1.66899
v 0.97526 0.03973 1.66899
v 0.95428 0.02572 1.66899
v 0.94027 0.00474 1.66899
v 0.93534 -0.02000 1.66899
v 0.94027 -0.04474 1.66899
v 0.95428 -0.06572 1.66899
v 0.97526 -0.07973 1.66899
v 1.00000 -0.08466 1.66899
v 1.02474 -0.07973 1.66899
v 1.04572 -0.06572 1.66899
v 1.05973 -0.04474 1.66899
v 1.08899 -0.02000 1.64466
v 1.08222 0.01406 1.64466
v 1.06293 0.04293 1.64466
v 1.03406 0.06222 1.64466
v 1.00000 0.06899 1.64466
v 0.96594 0.06222 1.64466
v 0.93707 0.04293 1.64466
v 0.91778 0.01406 1.64466
v 0.91101 -0.02000 1.64466
v 0.91778 -0.05406 1.64466
v 0.93707 -0.08293 1.64466
v 0.96594 -0.10222 1.64466
v 1.00000 -0.10899 1.64466
v 1.03406 -0.10222 1.64466
v 1.06293 -0.08293 1.64466
v 1.08222 -0.05406 1.64466
v 1.10462 -0.02000 1.61399
v 1.09665 0.02003 1.61399
v 1.07397 0.05397 1.61399
v 1.04003 0.07665 1.61399
v 1.00000 0.08462 1.61399
v 0.95997 0.07665 1.61399
v 0.92603 0.05397 1.61399
v 0.90335 0.02003 1.61399
v 0.89538 -0.02000 1.61399
v 0.90335 -0.06003 1.61399
v 0.92603 -0.09397 1.61399
v 0.95997 -0.11665 1.61399
v 1.00000 -0.12462 1.61399
v 1.04003 -0.11665 1.61399
v 1.07397 -0.09397 1.61399
v 1.09665 -0.06003 1.61399
v 1.11000 -0.02000 1.58000
v 1.10163 0.02210 1.58000
v 1.07778 0.05778 1.58000
v 1.04210 0.08163 1.58000
v 1.00000 0.09000 1.58000
v 0.95790 0.08163 1.58000
v 0.92222 0.05778 1.58000
v 0.89837 0.02210 1.58000
v 0.89000 -0.02000 1.58000
v 0.89837 -0.06210 1.58000
v 0.92222 -0.09778 1.58000
v 0.95790 -0.12163 1.58000
v 1.00000 -0.13000 1.58000
v 1.04210 -0.12163 1.58000
v 1.07778 -0.09778 1.58000
v 1.10163 -0.06210 1.58000
v 1.10462 -0.02000 1.54601
v 1.09665 0.02003 1.54601
v 1.07397 0.05397 1.54601
v 1.04003 0.07665 1.54601
v 1.00000 0.08462 1.54601
v 0.95997 0.07665 1.54601
v 0.92603 0.05397 1.54601
v 0.90335 0.02003 1.54601
v 0.89538 -0.02000 1.54601
v 0.90335 -0.06003 1.54601
v 0.92603 -0.09397 1.54601
v 0.95997 -0.11665 1.54601
v 1.00000 -0.12462 1.54601
v 1.04003 -0.11665 1.54601
v 1.07397 -0.09397 1.54601
v 1.09665 -0.06003 1.54601
v 1.08899 -0.02000 1.51534
v 1.08222 0.01406 1.51534
v 1.06293 0.04293 1.51534
v 1.03406 0.06222 1.51534
v 1.00000 0.06899 1.51534
v 0.96594 0.06222 1.51534
v 0.93707 0.04293 1.51534
v 0.91778 0.01406 1.51534
v 0.91101 -0.02000 1.51534
v 0.91778 -0.05406 1.51534
v 0.93707 -0.08293 1.51534
v 0.96594 -0.10222 1.51534
v 1.00000 -0.10899 1.51534
v 1.03406 -0.10222 1.51534
v 1.06293 -0.08293 1.51534
v 1.08222 -0.05406 1.51534
v 1.06466 -0.02000 1.49101
v 1.05973 0.00474 1.49101
v 1.04572 0.02572 1.49101
v 1.02474 0.03973 1.49101
v 1.00000 0.04466 1.49101
v 0.97526 0.03973 1.49101
v 0.95428 0.02572 1.49101
v 0.94027 0.00474 1.49101
v 0.93534 -0.02000 1.49101
v 0.94027 -0.04474 1.49101
v 0.95428 -0.06572 1.49101
v 0.97526 -0.07973 1.49101
v 1.00000 -0.08466 1.49101
v 1.02474 -0.07973 1.49101
v 1.04572 -0.06572 1.49101
v 1.05973 -0.04474 1.49101
v 1.03399 -0.02000 1.47538
v 1.03140 -0.00699 1.47538
v 1.02404 0.00404 1.47538
v 1.01301 0.01140 1.47538
v 1.00000 0.01399 1.47538
v 0.98699 0.01140 1.47538
v 0.97596 0.00404 1.47538
v 0.96860 -0.00699 1.47538
v 0.96601 -0.02000 1.47538
v 0.96860 -0.03301 1.47538
v 0.97596 -0.04404 1.47538
v 0.98699 -0.05140 1.47538
v 1.00000 -0.05399 1.47538
v 1.01301 -0.05140 1.47538
v 1.02404 -0.04404 1.47538
v 1.03140 -0.03301 1.47538
v 1.00000 -0.02000 1.47000
v 1.00000 -0.02000 1.47000
v 1.00000 -0.02000 1.47000
v 1.00000 -0.02000 1.47000
v 1.00000 -0.02000 1.47000
v 1.00000 -0.02000 1.47000
v 1.00000 -0.02000 1.47000
v 1.00000 -0.02000 1.47000
v 1.00000 -0.02000 1.47000
v 1.00000 -0.02000 1.47000
v 1.00000 -0.02000 1.47000
v 1.00000 -0.02000 1.47000
v 1.00000 -0.02000 1.47000
v 1.00000 -0.02000 1.47000
v 1.00000 -0.02000 1.47000
v 1.00000 -0.02000 1.47000
v -0.32000 -0.04000 0.65000
v -0.32000 -0.04000 0.65000
v -0.32000 -0.04000 0.65000
v -0.32000 -0.04000 0.65000
v -0.32000 -0.04000 0.65000
v -0.32000 -0.04000 0.65000
v -0.32000 -0.04000 0.65000
v -0.32000 -0.04000 0.65000
v -0.32000 -0.04000 0.65000
v -0.32000 -0.04000 0.65000
v -0.32000 -0.04000 0.65000
v -0.32000 -0.04000 0.65000
v -0.32000 -0.04000 0.65000
v -0.32000 -0.04000 0.65000
v -0.32000 -0.04000 0.65000
v -0.32000 -0.04000 0.65000
v -0.32000 -0.04000 0.65000
v -0.32000 -0.04000 0.65000
v -0.25202 -0.04000 0.64462
v -0.25612 -0.02098 0.64462
v -0.26792 -0.00425 0.64462
v -0.28601 0.00817 0.64462
v -0.30819 0.01478 0.64462
v -0.33181 0.01478 0.64462
v -0.35399 0.00817 0.64462
v -0.37208 -0.00425 0.64462
v -0.38388 -0.02098 0.64462
v -0.38798 -0.04000 0.64462
v -0.38388 -0.05902 0.64462
v -0.37208 -0.07575 0.64462
v -0.35399 -0.08817 0.64462
v -0.33181 -0.09478 0.64462
v -0.30819 -0.09478 0.64462
v -0.28601 -0.08817 0.64462
v -0.26792 -0.07575 0.64462
v -0.25612 -0.05902 0.64462
v -0.19069 -0.04000 0.62899
v -0.19849 -0.00381 0.62899
v -0.22094 0.02801 0.62899
v -0.25534 0.05163 0.62899
v -0.29755 0.06419 0.62899
v -0.34245 0.06419 0.62899
v -0.38466 0.05163 0.62899
v -0.41906 0.02801 0.62899
v -0.44151 -0.00381 0.62899
v -0.44931 -0.04000 0.62899
v -0.44151 -0.07619 0.62899
v -0.41906 -0.10801 0.62899
v -0.38466 -0.13163 0.62899
v -0.34245 -0.14419 0.62899
v -0.29755 -0.14419 0.62899
v -0.25534 -0.13163 0.62899
v -0.22094 -0.10801 0.62899
v -0.19849 -0.07619 0.62899
v -0.14202 -0.04000 0.60466
v -0.15275 0.00981 0.60466
v -0.18366 0.05360 0.60466
v -0.23101 0.08611 0.60466
v -0.28909 0.10341 0.60466
v -0.35091 0.10341 0.60466
v -0.40899 0.08611 0.60466
v -0.45634 0.05360 0.60466
v -0.48725 0.00981 0.60466
v -0.49798 -0.04000 0.60466
v -0.48725 -0.08981 0.60466
v -0.45634 -0.13360 0.60466
v -0.40899 -0.16611 0.60466
v -0.35091 -0.18341 0.60466
v -0.28909 -0.18341 0.60466
v -0.23101 -0.16611 0.60466
v -0.18366 -0.13360 0.60466
v -0.15275 -0.08981 0.60466
v -0.11077 -0.04000 0.57399
v -0.12339 0.01855 0.57399
v -0.15972 0.07004 0.57399
v -0.21538 0.10826 0.57399
v -0.28367 0.12859 0.57399
v -0.35633 0.12859 0.57399
v -0.42462 0.10826 0.57399
v -0.48028 0.07004 0.57399
v -0.51661 0.01855 0.57399
v -0.52923 -0.04000 0.57399
v -0.51661 -0.09855 0.57399
v -0.48028 -0.15004 0.57399
v -0.42462 -0.18826 0.57399
v -0.35633 -0.20859 0.57399
v -0.28367 -0.20859 0.57399
v -0.21538 -0.18826 0.57399
v -0.15972 -0.15004 0.57399
v -0.12339 -0.09855 0.57399
v -0.10000 -0.04000 0.54000
v -0.11327 0.02156 0.54000
v -0.15147 0.07570 0.54000
v -0.21000 0.11588 0.54000
v -0.28180 0.13727 0.54000
v -0.35820 0.13727 0.54000
v -0.43000 0.11588 0.54000
v -0.48853 0.07570 0.54000
v -0.52673 0.02156 0.54000
v -0.54000 -0.04000 0.54000
v -0.52673 -0.10156 0.54000
v -0.48853 -0.15570 0.54000
v -0.43000 -0.19588 0.54000
v -0.35820 -0.21727 0.54000
v -0.28180 -0.21727 0.54000
v -0.21000 -0.19588 0.54000
v -0.15147 -0.15570 0.54000
v -0.11327 -0.10156 0.54000
v -0.11077 -0.04000 0.50601
v -0.12339 0.01855 0.50601
v -0.15972 0.07004 0.50601
v -0.21538 0.10826 0.50601
v -0.28367 0.12859 0.50601
v -0.35633 0.12859 0.50601
v -0.42462 0.10826 0.50601
v -0.48028 0.07004 0.50601
v -0.51661 0.01855 0.50601
v -0.52923 -0.04000 0.50601
v -0.51661 -0.09855 0.50601
v -0.48028 -0.15004 0.50601
v -0.42462 -0.18826 0.50601
v -0.35633 -0.20859 0.50601
v -0.28367 -0.20859 0.50601
v -0.21538 -0.18826 0.50601
v -0.15972 -0.15004 0.50601
v -0.12339 -0.09855 0.50601
v -0.14202 -0.04000 0.47534
v -0.15275 0.00981 0.47534
v -0.18366 0.05360 0.47534
v -0.23101 0.08611 0.47534
v -0.28909 0.10341 0.47534
v -0.35091 0.10341 0.47534
v -0.40899 0.08611 0.47534
v -0.45634 0.05360 0.47534
v -0.48725 0.00981 0.47534
v -0.49798 -0.04000 0.47534
v -0.48725 -0.08981 0.47534
v -0.45634 -0.13360 0.47534
v -0.40899 -0.16611 0.47534
v -0.35091 -0.18341 0.47534
v -0.28909 -0.18341 0.47534
v -0.23101 -0.16611 0.47534
v -0.18366 -0.13360 0.47534
v -0.15275 -0.08981 0.47534
v -0.19069 -0.04000 0.45101
v -0.19849 -0.00381 0.45101
v -0.22094 0.02801 0.45101
v -0.25534 0.05163 0.45101
v -0.29755 0.06419 0.45101
v -0.34245 0.06419 0.45101
v -0.38466 0.05163 0.45101
v -0.41906 0.02801 0.45101
v -0.44151 -0.00381 0.45101
v -0.44931 -0.04000 0.45101
v -0.44151 -0.07619 0.45101
v -0.41906 -0.10801 0.45101
v -0.38466 -0.13163 0.45101
v -0.34245 -0.14419 0.45101
v -0.29755 -0.14419 0.45101
v -0.25534 -0.13163 0.45101
v -0.22094 -0.10801 0.45101
v -0.19849 -0.07619 0.45101
v -0.25202 -0.04000 0.43538
v -0.25612 -0.02098 0.43538
v -0.26792 -0.00425 0.43538
v -0.28601 0.00817 0.43538
v -0.30819 0.01478 0.43538
v -0.33181 0.01478 0.43538
v -0.35399 0.00817 0.43538
v -0.37208 -0.00425 0.43538
v -0.38388 -0.02098 0.43538
v -0.38798 -0.04000 0.43538
v -0.38388 -0.05902 0.43538
v -0.37208 -0.07575 0.43538
v -0.35399 -0.08817 0.43538
v -0.33181 -0.09478 0.43538
v -0.30819 -0.09478 0.43538
v -0.28601 -0.08817 0.43538
v -0.26792 -0.07575 0.43538
v -0.25612 -0.05902 0.43538
v -0.32000 -0.04000 0.43000
v -0.32000 -0.04000 0.43000
v -0.32000 -0.04000 0.43000
v -0.32000 -0.04000 0.43000
v -0.32000 -0.04000 0.43000
v -0.32000 -0.04000 0.43000
v -0.32000 -0.04000 0.43000
v -0.32000 -0.04000 0.43000
v -0.32000 -0.04000 0.43000
v -0.32000 -0.04000 0.43000
v -0.32000 -0.04000 0.43000
v -0.32000 -0.04000 0.43000
v -0.32000 -0.04000 0.43000
v -0.32000 -0.04000 0.43000
v -0.32000 -0.04000 0.43000
v -0.32000 -0.04000 0.43000
v -0.32000 -0.04000 0.43000
v -0.32000 -0.04000 0.43000
v 0.32000 -0.04000 0.65000
v 0.32000 -0.04000 0.65000
v 0.32000 -0.04000 0.65000
v 0.32000 -0.04000 0.65000
v 0.32000 -0.04000 0.65000
v 0.32000 -0.04000 0.65000
v 0.32000 -0.04000 0.65000
v 0.32000 -0.04000 0.65000
v 0.32000 -0.04000 0.65000
v 0.32000 -0.04000 0.65000
v 0.32000 -0.04000 0.65000
v 0.32000 -0.04000 0.65000
v 0.32000 -0.04000 0.65000
v 0.32000 -0.04000 0.65000
v 0.32000 -0.04000 0.65000
v 0.32000 -0.04000 0.65000
v 0.32000 -0.04000 0.65000
v 0.32000 -0.04000 0.65000
v 0.38798 -0.04000 0.64462
v 0.38388 -0.02098 0.64462
v 0.37208 -0.00425 0.64462
v 0.35399 0.00817 0.64462
v 0.33181 0.01478 0.64462
v 0.30819 0.01478 0.64462
v 0.28601 0.00817 0.64462
v 0.26792 -0.00425 0.64462
v 0.25612 -0.02098 0.64462
v 0.25202 -0.04000 0.64462
v 0.25612 -0.05902 0.64462
v 0.26792 -0.07575 0.64462
v 0.28601 -0.08817 0.64462
v 0.30819 -0.09478 0.64462
v 0.33181 -0.09478 0.64462
v 0.35399 -0.08817 0.64462
v 0.37208 -0.07575 0.64462
v 0.38388 -0.05902 0.64462
v 0.44931 -0.04000 0.62899
v 0.44151 -0.00381 0.62899
v 0.41906 0.02801 0.62899
v 0.38466 0.05163 0.62899
v 0.34245 0.06419 0.62899
v 0.29755 0.06419 0.62899
v 0.25534 0.05163 0.62899
v 0.22094 0.02801 0.62899
v 0.19849 -0.00381 0.62899
v 0.19069 -0.04000 0.62899
v 0.19849 -0.07619 0.62899
v 0.22094 -0.10801 0.62899
v 0.25534 -0.13163 0.62899
v 0.29755 -0.14419 0.62899
v 0.34245 -0.14419 0.62899
v 0.38466 -0.13163 0.62899
v 0.41906 -0.10801 0.62899
v 0.44151 -0.07619 0.62899
v 0.49798 -0.04000 0.60466
v 0.48725 0.00981 0.60466
v 0.45634 0.05360 0.60466
v 0.40899 0.08611 0.60466
v 0.35091 0.10341 0.60466
v 0.28909 0.10341 0.60466
v 0.23101 0.08611 0.60466
v 0.18366 0.05360 0.60466
v 0.15275 0.00981 0.60466
v 0.14202 -0.04000 0.60466
v 0.15275 -0.08981 0.60466
v 0.18366 -0.13360 0.60466
v 0.23101 -0.16611 0.60466
v 0.28909 -0.18341 0.60466
v 0.35091 -0.18341 0.60466
v 0.40899 -0.16611 0.60466
v 0.45634 -0.13360 0.60466
v 0.48725 -0.08981 0.60466
v 0.52923 -0.04000 0.57399
v 0.51661 0.01855 0.57399
v 0.48028 0.07004 0.57399
v 0.42462 0.10826 0.57399
v 0.35633 0.12859 0.57399
v 0.28367 0.12859 0.57399
v 0.21538 0.10826 0.57399
v 0.15972 0.07004 0.57399
v 0.12339 0.01855 0.57399
v 0.11077 -0.04000 0.57399
v 0.12339 -0.09855 0.57399
v 0.15972 -0.15004 0.57399
v 0.21538 -0.18826 0.57399
v 0.28367 -0.20859 0.57399
v 0.35633 -0.20859 0.57399
v 0.42462 -0.18826 0.57399
v 0.48028 -0.15004 0.57399
v 0.51661 -0.09855 0.57399
v 0.54000 -0.04000 0.54000
v 0.52673 0.02156 0.54000
v 0.48853 0.07570 0.54000
v 0.43000 0.11588 0.54000
v 0.35820 0.13727 0.54000
v 0.28180 0.13727 0.54000
v 0.21000 0.11588 0.54000
v 0.15147 0.07570 0.54000
v 0.11327 0.02156 0.54000
v 0.10000 -0.04000 0.54000
v 0.11327 -0.10156 0.54000
v 0.15147 -0.15570 0.54000
v 0.21000 -0.19588 0.54000
v 0.28180 -0.21727 0.54000
v 0.35820 -0.21727 0.54000
v 0.43000 -0.19588 0.54000
v 0.48853 -0.15570 0.54000
v 0.52673 -0.10156 0.54000
v 0.52923 -0.04000 0.50601
v 0.51661 0.01855 0.50601
v 0.48028 0.07004 0.50601
v 0.42462 0.10826 0.50601
v 0.35633 0.12859 0.50601
v 0.28367 0.12859 0.50601
v 0.21538 0.10826 0.50601
v 0.15972 0.07004 0.50601
v 0.12339 0.01855 0.50601
v 0.11077 -0.04000 0.50601
v 0.12339 -0.09855 0.50601
v 0.15972 -0.15004 0.50601
v 0.21538 -0.18826 0.50601
v 0.28367 -0.20859 0.50601
v 0.35633 -0.20859 0.50601
v 0.42462 -0.18826 0.50601
v 0.48028 -0.15004 0.50601
v 0.51661 -0.09855 0.50601
v 0.49798 -0.04000 0.47534
v 0.48725 0.00981 0.47534
v 0.45634 0.05360 0.47534
v 0.40899 0.08611 0.47534
v 0.35091 0.10341 0.47534
v 0.28909 0.10341 0.47534
v 0.23101 0.08611 0.47534
v 0.18366 0.05360 0.47534
v 0.15275 0.00981 0.47534
v 0.14202 -0.04000 0.47534
v 0.15275 -0.08981 0.47534
v 0.18366 -0.13360 0.47534
v 0.23101 -0.16611 0.47534
v 0.28909 -0.18341 0.47534
v 0.35091 -0.18341 0.47534
v 0.40899 -0.16611 0.47534
v 0.45634 -0.13360 0.47534
v 0.48725 -0.08981 0.47534
v 0.44931 -0.04000 0.45101
v 0.44151 -0.00381 0.45101
v 0.41906 0.02801 0.45101
v 0.38466 0.05163 0.45101
v 0.34245 0.06419 0.45101
v 0.29755 0.06419 0.45101
v 0.25534 0.05163 0.45101
v 0.22094 0.02801 0.45101
v 0.19849 -0.00381 0.45101
v 0.19069 -0.04000 0.45101
v 0.19849 -0.07619 0.45101
v 0.22094 -0.10801 0.45101
v 0.25534 -0.13163 0.45101
v 0.29755 -0.14419 0.45101
v 0.34245 -0.14419 0.45101
v 0.38466 -0.13163 0.45101
v 0.41906 -0.10801 0.45101
v 0.44151 -0.07619 0.45101
v 0.38798 -0.04000 0.43538
v 0.38388 -0.02098 0.43538
v 0.37208 -0.00425 0.43538
v 0.35399 0.00817 0.43538
v 0.33181 0.01478 0.43538
v 0.30819 0.01478 0.43538
v 0.28601 0.00817 0.43538
v 0.26792 -0.00425 0.43538
v 0.25612 -0.02098 0.43538
v 0.25202 -0.04000 0.43538
v 0.25612 -0.05902 0.43538
v 0.26792 -0.07575 0.43538
v 0.28601 -0.08817 0.43538
v 0.30819 -0.09478 0.43538
v 0.33181 -0.09478 0.43538
v 0.35399 -0.08817 0.43538
v 0.37208 -0.07575 0.43538
v 0.38388 -0.05902 0.43538
v 0.32000 -0.04000 0.43000
v 0.32000 -0.04000 0.43000
v 0.32000 -0.04000 0.43000
v 0.32000 -0.04000 0.43000
v 0.32000 -0.04000 0.43000
v 0.32000 -0.04000 0.43000
v 0.32000 -0.04000 0.43000
v 0.32000 -0.04000 0.43000
v 0.32000 -0.04000 0.43000
v 0.32000 -0.04000 0.43000
v 0.32000 -0.04000 0.43000
v 0.32000 -0.04000 0.43000
v 0.32000 -0.04000 0.43000
v 0.32000 -0.04000 0.43000
v 0.32000 -0.04000 0.43000
v 0.32000 -0.04000 0.43000
v 0.32000 -0.04000 0.43000
v 0.32000 -0.04000 0.43000
o body_soft_capsule
usemtl body_graphite
f 1 2 34 33
f 2 3 35 34
f 3 4 36 35
f 4 5 37 36
f 5 6 38 37
f 6 7 39 38
f 7 8 40 39
f 8 9 41 40
f 9 10 42 41
f 10 11 43 42
f 11 12 44 43
f 12 13 45 44
f 13 14 46 45
f 14 15 47 46
f 15 16 48 47
f 16 17 49 48
f 17 18 50 49
f 18 19 51 50
f 19 20 52 51
f 20 21 53 52
f 21 22 54 53
f 22 23 55 54
f 23 24 56 55
f 24 25 57 56
f 25 26 58 57
f 26 27 59 58
f 27 28 60 59
f 28 29 61 60
f 29 30 62 61
f 30 31 63 62
f 31 32 64 63
f 32 1 33 64
f 33 34 66 65
f 34 35 67 66
f 35 36 68 67
f 36 37 69 68
f 37 38 70 69
f 38 39 71 70
f 39 40 72 71
f 40 41 73 72
f 41 42 74 73
f 42 43 75 74
f 43 44 76 75
f 44 45 77 76
f 45 46 78 77
f 46 47 79 78
f 47 48 80 79
f 48 49 81 80
f 49 50 82 81
f 50 51 83 82
f 51 52 84 83
f 52 53 85 84
f 53 54 86 85
f 54 55 87 86
f 55 56 88 87
f 56 57 89 88
f 57 58 90 89
f 58 59 91 90
f 59 60 92 91
f 60 61 93 92
f 61 62 94 93
f 62 63 95 94
f 63 64 96 95
f 64 33 65 96
f 65 66 98 97
f 66 67 99 98
f 67 68 100 99
f 68 69 101 100
f 69 70 102 101
f 70 71 103 102
f 71 72 104 103
f 72 73 105 104
f 73 74 106 105
f 74 75 107 106
f 75 76 108 107
f 76 77 109 108
f 77 78 110 109
f 78 79 111 110
f 79 80 112 111
f 80 81 113 112
f 81 82 114 113
f 82 83 115 114
f 83 84 116 115
f 84 85 117 116
f 85 86 118 117
f 86 87 119 118
f 87 88 120 119
f 88 89 121 120
f 89 90 122 121
f 90 91 123 122
f 91 92 124 123
f 92 93 125 124
f 93 94 126 125
f 94 95 127 126
f 95 96 128 127
f 96 65 97 128
f 97 98 130 129
f 98 99 131 130
f 99 100 132 131
f 100 101 133 132
f 101 102 134 133
f 102 103 135 134
f 103 104 136 135
f 104 105 137 136
f 105 106 138 137
f 106 107 139 138
f 107 108 140 139
f 108 109 141 140
f 109 110 142 141
f 110 111 143 142
f 111 112 144 143
f 112 113 145 144
f 113 114 146 145
f 114 115 147 146
f 115 116 148 147
f 116 117 149 148
f 117 118 150 149
f 118 119 151 150
f 119 120 152 151
f 120 121 153 152
f 121 122 154 153
f 122 123 155 154
f 123 124 156 155
f 124 125 157 156
f 125 126 158 157
f 126 127 159 158
f 127 128 160 159
f 128 97 129 160
f 129 130 162 161
f 130 131 163 162
f 131 132 164 163
f 132 133 165 164
f 133 134 166 165
f 134 135 167 166
f 135 136 168 167
f 136 137 169 168
f 137 138 170 169
f 138 139 171 170
f 139 140 172 171
f 140 141 173 172
f 141 142 174 173
f 142 143 175 174
f 143 144 176 175
f 144 145 177 176
f 145 146 178 177
f 146 147 179 178
f 147 148 180 179
f 148 149 181 180
f 149 150 182 181
f 150 151 183 182
f 151 152 184 183
f 152 153 185 184
f 153 154 186 185
f 154 155 187 186
f 155 156 188 187
f 156 157 189 188
f 157 158 190 189
f 158 159 191 190
f 159 160 192 191
f 160 129 161 192
f 161 162 194 193
f 162 163 195 194
f 163 164 196 195
f 164 165 197 196
f 165 166 198 197
f 166 167 199 198
f 167 168 200 199
f 168 169 201 200
f 169 170 202 201
f 170 171 203 202
f 171 172 204 203
f 172 173 205 204
f 173 174 206 205
f 174 175 207 206
f 175 176 208 207
f 176 177 209 208
f 177 178 210 209
f 178 179 211 210
f 179 180 212 211
f 180 181 213 212
f 181 182 214 213
f 182 183 215 214
f 183 184 216 215
f 184 185 217 216
f 185 186 218 217
f 186 187 219 218
f 187 188 220 219
f 188 189 221 220
f 189 190 222 221
f 190 191 223 222
f 191 192 224 223
f 192 161 193 224
f 193 194 226 225
f 194 195 227 226
f 195 196 228 227
f 196 197 229 228
f 197 198 230 229
f 198 199 231 230
f 199 200 232 231
f 200 201 233 232
f 201 202 234 233
f 202 203 235 234
f 203 204 236 235
f 204 205 237 236
f 205 206 238 237
f 206 207 239 238
f 207 208 240 239
f 208 209 241 240
f 209 210 242 241
f 210 211 243 242
f 211 212 244 243
f 212 213 245 244
f 213 214 246 245
f 214 215 247 246
f 215 216 248 247
f 216 217 249 248
f 217 218 250 249
f 218 219 251 250
f 219 220 252 251
f 220 221 253 252
f 221 222 254 253
f 222 223 255 254
f 223 224 256 255
f 224 193 225 256
f 225 226 258 257
f 226 227 259 258
f 227 228 260 259
f 228 229 261 260
f 229 230 262 261
f 230 231 263 262
f 231 232 264 263
f 232 233 265 264
f 233 234 266 265
f 234 235 267 266
f 235 236 268 267
f 236 237 269 268
f 237 238 270 269
f 238 239 271 270
f 239 240 272 271
f 240 241 273 272
f 241 242 274 273
f 242 243 275 274
f 243 244 276 275
f 244 245 277 276
f 245 246 278 277
f 246 247 279 278
f 247 248 280 279
f 248 249 281 280
f 249 250 282 281
f 250 251 283 282
f 251 252 284 283
f 252 253 285 284
f 253 254 286 285
f 254 255 287 286
f 255 256 288 287
f 256 225 257 288
f 257 258 290 289
f 258 259 291 290
f 259 260 292 291
f 260 261 293 292
f 261 262 294 293
f 262 263 295 294
f 263 264 296 295
f 264 265 297 296
f 265 266 298 297
f 266 267 299 298
f 267 268 300 299
f 268 269 301 300
f 269 270 302 301
f 270 271 303 302
f 271 272 304 303
f 272 273 305 304
f 273 274 306 305
f 274 275 307 306
f 275 276 308 307
f 276 277 309 308
f 277 278 310 309
f 278 279 311 310
f 279 280 312 311
f 280 281 313 312
f 281 282 314 313
f 282 283 315 314
f 283 284 316 315
f 284 285 317 316
f 285 286 318 317
f 286 287 319 318
f 287 288 320 319
f 288 257 289 320
f 289 290 322 321
f 290 291 323 322
f 291 292 324 323
f 292 293 325 324
f 293 294 326 325
f 294 295 327 326
f 295 296 328 327
f 296 297 329 328
f 297 298 330 329
f 298 299 331 330
f 299 300 332 331
f 300 301 333 332
f 301 302 334 333
f 302 303 335 334
f 303 304 336 335
f 304 305 337 336
f 305 306 338 337
f 306 307 339 338
f 307 308 340 339
f 308 309 341 340
f 309 310 342 341
f 310 311 343 342
f 311 312 344 343
f 312 313 345 344
f 313 314 346 345
f 314 315 347 346
f 315 316 348 347
f 316 317 349 348
f 317 318 350 349
f 318 319 351 350
f 319 320 352 351
f 320 289 321 352
f 321 322 354 353
f 322 323 355 354
f 323 324 356 355
f 324 325 357 356
f 325 326 358 357
f 326 327 359 358
f 327 328 360 359
f 328 329 361 360
f 329 330 362 361
f 330 331 363 362
f 331 332 364 363
f 332 333 365 364
f 333 334 366 365
f 334 335 367 366
f 335 336 368 367
f 336 337 369 368
f 337 338 370 369
f 338 339 371 370
f 339 340 372 371
f 340 341 373 372
f 341 342 374 373
f 342 343 375 374
f 343 344 376 375
f 344 345 377 376
f 345 346 378 377
f 346 347 379 378
f 347 348 380 379
f 348 349 381 380
f 349 350 382 381
f 350 351 383 382
f 351 352 384 383
f 352 321 353 384
f 353 354 386 385
f 354 355 387 386
f 355 356 388 387
f 356 357 389 388
f 357 358 390 389
f 358 359 391 390
f 359 360 392 391
f 360 361 393 392
f 361 362 394 393
f 362 363 395 394
f 363 364 396 395
f 364 365 397 396
f 365 366 398 397
f 366 367 399 398
f 367 368 400 399
f 368 369 401 400
f 369 370 402 401
f 370 371 403 402
f 371 372 404 403
f 372 373 405 404
f 373 374 406 405
f 374 375 407 406
f 375 376 408 407
f 376 377 409 408
f 377 378 410 409
f 378 379 411 410
f 379 380 412 411
f 380 381 413 412
f 381 382 414 413
f 382 383 415 414
f 383 384 416 415
f 384 353 385 416
f 385 386 418 417
f 386 387 419 418
f 387 388 420 419
f 388 389 421 420
f 389 390 422 421
f 390 391 423 422
f 391 392 424 423
f 392 393 425 424
f 393 394 426 425
f 394 395 427 426
f 395 396 428 427
f 396 397 429 428
f 397 398 430 429
f 398 399 431 430
f 399 400 432 431
f 400 401 433 432
f 401 402 434 433
f 402 403 435 434
f 403 404 436 435
f 404 405 437 436
f 405 406 438 437
f 406 407 439 438
f 407 408 440 439
f 408 409 441 440
f 409 410 442 441
f 410 411 443 442
f 411 412 444 443
f 412 413 445 444
f 413 414 446 445
f 414 415 447 446
f 415 416 448 447
f 416 385 417 448
f 417 418 450 449
f 418 419 451 450
f 419 420 452 451
f 420 421 453 452
f 421 422 454 453
f 422 423 455 454
f 423 424 456 455
f 424 425 457 456
f 425 426 458 457
f 426 427 459 458
f 427 428 460 459
f 428 429 461 460
f 429 430 462 461
f 430 431 463 462
f 431 432 464 463
f 432 433 465 464
f 433 434 466 465
f 434 435 467 466
f 435 436 468 467
f 436 437 469 468
f 437 438 470 469
f 438 439 471 470
f 439 440 472 471
f 440 441 473 472
f 441 442 474 473
f 442 443 475 474
f 443 444 476 475
f 444 445 477 476
f 445 446 478 477
f 446 447 479 478
f 447 448 480 479
f 448 417 449 480
f 449 450 482 481
f 450 451 483 482
f 451 452 484 483
f 452 453 485 484
f 453 454 486 485
f 454 455 487 486
f 455 456 488 487
f 456 457 489 488
f 457 458 490 489
f 458 459 491 490
f 459 460 492 491
f 460 461 493 492
f 461 462 494 493
f 462 463 495 494
f 463 464 496 495
f 464 465 497 496
f 465 466 498 497
f 466 467 499 498
f 467 468 500 499
f 468 469 501 500
f 469 470 502 501
f 470 471 503 502
f 471 472 504 503
f 472 473 505 504
f 473 474 506 505
f 474 475 507 506
f 475 476 508 507
f 476 477 509 508
f 477 478 510 509
f 478 479 511 510
f 479 480 512 511
f 480 449 481 512
f 481 482 514 513
f 482 483 515 514
f 483 484 516 515
f 484 485 517 516
f 485 486 518 517
f 486 487 519 518
f 487 488 520 519
f 488 489 521 520
f 489 490 522 521
f 490 491 523 522
f 491 492 524 523
f 492 493 525 524
f 493 494 526 525
f 494 495 527 526
f 495 496 528 527
f 496 497 529 528
f 497 498 530 529
f 498 499 531 530
f 499 500 532 531
f 500 501 533 532
f 501 502 534 533
f 502 503 535 534
f 503 504 536 535
f 504 505 537 536
f 505 506 538 537
f 506 507 539 538
f 507 508 540 539
f 508 509 541 540
f 509 510 542 541
f 510 511 543 542
f 511 512 544 543
f 512 481 513 544
f 513 514 546 545
f 514 515 547 546
f 515 516 548 547
f 516 517 549 548
f 517 518 550 549
f 518 519 551 550
f 519 520 552 551
f 520 521 553 552
f 521 522 554 553
f 522 523 555 554
f 523 524 556 555
f 524 525 557 556
f 525 526 558 557
f 526 527 559 558
f 527 528 560 559
f 528 529 561 560
f 529 530 562 561
f 530 531 563 562
f 531 532 564 563
f 532 533 565 564
f 533 534 566 565
f 534 535 567 566
f 535 536 568 567
f 536 537 569 568
f 537 538 570 569
f 538 539 571 570
f 539 540 572 571
f 540 541 573 572
f 541 542 574 573
f 542 543 575 574
f 543 544 576 575
f 544 513 545 576
f 545 546 578 577
f 546 547 579 578
f 547 548 580 579
f 548 549 581 580
f 549 550 582 581
f 550 551 583 582
f 551 552 584 583
f 552 553 585 584
f 553 554 586 585
f 554 555 587 586
f 555 556 588 587
f 556 557 589 588
f 557 558 590 589
f 558 559 591 590
f 559 560 592 591
f 560 561 593 592
f 561 562 594 593
f 562 563 595 594
f 563 564 596 595
f 564 565 597 596
f 565 566 598 597
f 566 567 599 598
f 567 568 600 599
f 568 569 601 600
f 569 570 602 601
f 570 571 603 602
f 571 572 604 603
f 572 573 605 604
f 573 574 606 605
f 574 575 607 606
f 575 576 608 607
f 576 545 577 608
o head_round_display
f 609 610 642 641
f 610 611 643 642
f 611 612 644 643
f 612 613 645 644
f 613 614 646 645
f 614 615 647 646
f 615 616 648 647
f 616 617 649 648
f 617 618 650 649
f 618 619 651 650
f 619 620 652 651
f 620 621 653 652
f 621 622 654 653
f 622 623 655 654
f 623 624 656 655
f 624 625 657 656
f 625 626 658 657
f 626 627 659 658
f 627 628 660 659
f 628 629 661 660
f 629 630 662 661
f 630 631 663 662
f 631 632 664 663
f 632 633 665 664
f 633 634 666 665
f 634 635 667 666
f 635 636 668 667
f 636 637 669 668
f 637 638 670 669
f 638 639 671 670
f 639 640 672 671
f 640 609 641 672
f 641 642 674 673
f 642 643 675 674
f 643 644 676 675
f 644 645 677 676
f 645 646 678 677
f 646 647 679 678
f 647 648 680 679
f 648 649 681 680
f 649 650 682 681
f 650 651 683 682
f 651 652 684 683
f 652 653 685 684
f 653 654 686 685
f 654 655 687 686
f 655 656 688 687
f 656 657 689 688
f 657 658 690 689
f 658 659 691 690
f 659 660 692 691
f 660 661 693 692
f 661 662 694 693
f 662 663 695 694
f 663 664 696 695
f 664 665 697 696
f 665 666 698 697
f 666 667 699 698
f 667 668 700 699
f 668 669 701 700
f 669 670 702 701
f 670 671 703 702
f 671 672 704 703
f 672 641 673 704
f 673 674 706 705
f 674 675 707 706
f 675 676 708 707
f 676 677 709 708
f 677 678 710 709
f 678 679 711 710
f 679 680 712 711
f 680 681 713 712
f 681 682 714 713
f 682 683 715 714
f 683 684 716 715
f 684 685 717 716
f 685 686 718 717
f 686 687 719 718
f 687 688 720 719
f 688 689 721 720
f 689 690 722 721
f 690 691 723 722
f 691 692 724 723
f 692 693 725 724
f 693 694 726 725
f 694 695 727 726
f 695 696 728 727
f 696 697 729 728
f 697 698 730 729
f 698 699 731 730
f 699 700 732 731
f 700 701 733 732
f 701 702 734 733
f 702 703 735 734
f 703 704 736 735
f 704 673 705 736
f 705 706 738 737
f 706 707 739 738
f 707 708 740 739
f 708 709 741 740
f 709 710 742 741
f 710 711 743 742
f 711 712 744 743
f 712 713 745 744
f 713 714 746 745
f 714 715 747 746
f 715 716 748 747
f 716 717 749 748
f 717 718 750 749
f 718 719 751 750
f 719 720 752 751
f 720 721 753 752
f 721 722 754 753
f 722 723 755 754
f 723 724 756 755
f 724 725 757 756
f 725 726 758 757
f 726 727 759 758
f 727 728 760 759
f 728 729 761 760
f 729 730 762 761
f 730 731 763 762
f 731 732 764 763
f 732 733 765 764
f 733 734 766 765
f 734 735 767 766
f 735 736 768 767
f 736 705 737 768
f 737 738 770 769
f 738 739 771 770
f 739 740 772 771
f 740 741 773 772
f 741 742 774 773
f 742 743 775 774
f 743 744 776 775
f 744 745 777 776
f 745 746 778 777
f 746 747 779 778
f 747 748 780 779
f 748 749 781 780
f 749 750 782 781
f 750 751 783 782
f 751 752 784 783
f 752 753 785 784
f 753 754 786 785
f 754 755 787 786
f 755 756 788 787
f 756 757 789 788
f 757 758 790 789
f 758 759 791 790
f 759 760 792 791
f 760 761 793 792
f 761 762 794 793
f 762 763 795 794
f 763 764 796 795
f 764 765 797 796
f 765 766 798 797
f 766 767 799 798
f 767 768 800 799
f 768 737 769 800
f 769 770 802 801
f 770 771 803 802
f 771 772 804 803
f 772 773 805 804
f 773 774 806 805
f 774 775 807 806
f 775 776 808 807
f 776 777 809 808
f 777 778 810 809
f 778 779 811 810
f 779 780 812 811
f 780 781 813 812
f 781 782 814 813
f 782 783 815 814
f 783 784 816 815
f 784 785 817 816
f 785 786 818 817
f 786 787 819 818
f 787 788 820 819
f 788 789 821 820
f 789 790 822 821
f 790 791 823 822
f 791 792 824 823
f 792 793 825 824
f 793 794 826 825
f 794 795 827 826
f 795 796 828 827
f 796 797 829 828
f 797 798 830 829
f 798 799 831 830
f 799 800 832 831
f 800 769 801 832
f 801 802 834 833
f 802 803 835 834
f 803 804 836 835
f 804 805 837 836
f 805 806 838 837
f 806 807 839 838
f 807 808 840 839
f 808 809 841 840
f 809 810 842 841
f 810 811 843 842
f 811 812 844 843
f 812 813 845 844
f 813 814 846 845
f 814 815 847 846
f 815 816 848 847
f 816 817 849 848
f 817 818 850 849
f 818 819 851 850
f 819 820 852 851
f 820 821 853 852
f 821 822 854 853
f 822 823 855 854
f 823 824 856 855
f 824 825 857 856
f 825 826 858 857
f 826 827 859 858
f 827 828 860 859
f 828 829 861 860
f 829 830 862 861
f 830 831 863 862
f 831 832 864 863
f 832 801 833 864
f 833 834 866 865
f 834 835 867 866
f 835 836 868 867
f 836 837 869 868
f 837 838 870 869
f 838 839 871 870
f 839 840 872 871
f 840 841 873 872
f 841 842 874 873
f 842 843 875 874
f 843 844 876 875
f 844 845 877 876
f 845 846 878 877
f 846 847 879 878
f 847 848 880 879
f 848 849 881 880
f 849 850 882 881
f 850 851 883 882
f 851 852 884 883
f 852 853 885 884
f 853 854 886 885
f 854 855 887 886
f 855 856 888 887
f 856 857 889 888
f 857 858 890 889
f 858 859 891 890
f 859 860 892 891
f 860 861 893 892
f 861 862 894 893
f 862 863 895 894
f 863 864 896 895
f 864 833 865 896
f 865 866 898 897
f 866 867 899 898
f 867 868 900 899
f 868 869 901 900
f 869 870 902 901
f 870 871 903 902
f 871 872 904 903
f 872 873 905 904
f 873 874 906 905
f 874 875 907 906
f 875 876 908 907
f 876 877 909 908
f 877 878 910 909
f 878 879 911 910
f 879 880 912 911
f 880 881 913 912
f 881 882 914 913
f 882 883 915 914
f 883 884 916 915
f 884 885 917 916
f 885 886 918 917
f 886 887 919 918
f 887 888 920 919
f 888 889 921 920
f 889 890 922 921
f 890 891 923 922
f 891 892 924 923
f 892 893 925 924
f 893 894 926 925
f 894 895 927 926
f 895 896 928 927
f 896 865 897 928
f 897 898 930 929
f 898 899 931 930
f 899 900 932 931
f 900 901 933 932
f 901 902 934 933
f 902 903 935 934
f 903 904 936 935
f 904 905 937 936
f 905 906 938 937
f 906 907 939 938
f 907 908 940 939
f 908 909 941 940
f 909 910 942 941
f 910 911 943 942
f 911 912 944 943
f 912 913 945 944
f 913 914 946 945
f 914 915 947 946
f 915 916 948 947
f 916 917 949 948
f 917 918 950 949
f 918 919 951 950
f 919 920 952 951
f 920 921 953 952
f 921 922 954 953
f 922 923 955 954
f 923 924 956 955
f 924 925 957 956
f 925 926 958 957
f 926 927 959 958
f 927 928 960 959
f 928 897 929 960
f 929 930 962 961
f 930 931 963 962
f 931 932 964 963
f 932 933 965 964
f 933 934 966 965
f 934 935 967 966
f 935 936 968 967
f 936 937 969 968
f 937 938 970 969
f 938 939 971 970
f 939 940 972 971
f 940 941 973 972
f 941 942 974 973
f 942 943 975 974
f 943 944 976 975
f 944 945 977 976
f 945 946 978 977
f 946 947 979 978
f 947 948 980 979
f 948 949 981 980
f 949 950 982 981
f 950 951 983 982
f 951 952 984 983
f 952 953 985 984
f 953 954 986 985
f 954 955 987 986
f 955 956 988 987
f 956 957 989 988
f 957 958 990 989
f 958 959 991 990
f 959 960 992 991
f 960 929 961 992
f 961 962 994 993
f 962 963 995 994
f 963 964 996 995
f 964 965 997 996
f 965 966 998 997
f 966 967 999 998
f 967 968 1000 999
f 968 969 1001 1000
f 969 970 1002 1001
f 970 971 1003 1002
f 971 972 1004 1003
f 972 973 1005 1004
f 973 974 1006 1005
f 974 975 1007 1006
f 975 976 1008 1007
f 976 977 1009 1008
f 977 978 1010 1009
f 978 979 1011 1010
f 979 980 1012 1011
f 980 981 1013 1012
f 981 982 1014 1013
f 982 983 1015 1014
f 983 984 1016 1015
f 984 985 1017 1016
f 985 986 1018 1017
f 986 987 1019 1018
f 987 988 1020 1019
f 988 989 1021 1020
f 989 990 1022 1021
f 990 991 1023 1022
f 991 992 1024 1023
f 992 961 993 1024
f 993 994 1026 1025
f 994 995 1027 1026
f 995 996 1028 1027
f 996 997 1029 1028
f 997 998 1030 1029
f 998 999 1031 1030
f 999 1000 1032 1031
f 1000 1001 1033 1032
f 1001 1002 1034 1033
f 1002 1003 1035 1034
f 1003 1004 1036 1035
f 1004 1005 1037 1036
f 1005 1006 1038 1037
f 1006 1007 1039 1038
f 1007 1008 1040 1039
f 1008 1009 1041 1040
f 1009 1010 1042 1041
f 1010 1011 1043 1042
f 1011 1012 1044 1043
f 1012 1013 1045 1044
f 1013 1014 1046 1045
f 1014 1015 1047 1046
f 1015 1016 1048 1047
f 1016 1017 1049 1048
f 1017 1018 1050 1049
f 1018 1019 1051 1050
f 1019 1020 1052 1051
f 1020 1021 1053 1052
f 1021 1022 1054 1053
f 1022 1023 1055 1054
f 1023 1024 1056 1055
f 1024 993 1025 1056
f 1025 1026 1058 1057
f 1026 1027 1059 1058
f 1027 1028 1060 1059
f 1028 1029 1061 1060
f 1029 1030 1062 1061
f 1030 1031 1063 1062
f 1031 1032 1064 1063
f 1032 1033 1065 1064
f 1033 1034 1066 1065
f 1034 1035 1067 1066
f 1035 1036 1068 1067
f 1036 1037 1069 1068
f 1037 1038 1070 1069
f 1038 1039 1071 1070
f 1039 1040 1072 1071
f 1040 1041 1073 1072
f 1041 1042 1074 1073
f 1042 1043 1075 1074
f 1043 1044 1076 1075
f 1044 1045 1077 1076
f 1045 1046 1078 1077
f 1046 1047 1079 1078
f 1047 1048 1080 1079
f 1048 1049 1081 1080
f 1049 1050 1082 1081
f 1050 1051 1083 1082
f 1051 1052 1084 1083
f 1052 1053 1085 1084
f 1053 1054 1086 1085
f 1054 1055 1087 1086
f 1055 1056 1088 1087
f 1056 1025 1057 1088
f 1057 1058 1090 1089
f 1058 1059 1091 1090
f 1059 1060 1092 1091
f 1060 1061 1093 1092
f 1061 1062 1094 1093
f 1062 1063 1095 1094
f 1063 1064 1096 1095
f 1064 1065 1097 1096
f 1065 1066 1098 1097
f 1066 1067 1099 1098
f 1067 1068 1100 1099
f 1068 1069 1101 1100
f 1069 1070 1102 1101
f 1070 1071 1103 1102
f 1071 1072 1104 1103
f 1072 1073 1105 1104
f 1073 1074 1106 1105
f 1074 1075 1107 1106
f 1075 1076 1108 1107
f 1076 1077 1109 1108
f 1077 1078 1110 1109
f 1078 1079 1111 1110
f 1079 1080 1112 1111
f 1080 1081 1113 1112
f 1081 1082 1114 1113
f 1082 1083 1115 1114
f 1083 1084 1116 1115
f 1084 1085 1117 1116
f 1085 1086 1118 1117
f 1086 1087 1119 1118
f 1087 1088 1120 1119
f 1088 1057 1089 1120
f 1089 1090 1122 1121
f 1090 1091 1123 1122
f 1091 1092 1124 1123
f 1092 1093 1125 1124
f 1093 1094 1126 1125
f 1094 1095 1127 1126
f 1095 1096 1128 1127
f 1096 1097 1129 1128
f 1097 1098 1130 1129
f 1098 1099 1131 1130
f 1099 1100 1132 1131
f 1100 1101 1133 1132
f 1101 1102 1134 1133
f 1102 1103 1135 1134
f 1103 1104 1136 1135
f 1104 1105 1137 1136
f 1105 1106 1138 1137
f 1106 1107 1139 1138
f 1107 1108 1140 1139
f 1108 1109 1141 1140
f 1109 1110 1142 1141
f 1110 1111 1143 1142
f 1111 1112 1144 1143
f 1112 1113 1145 1144
f 1113 1114 1146 1145
f 1114 1115 1147 1146
f 1115 1116 1148 1147
f 1116 1117 1149 1148
f 1117 1118 1150 1149
f 1118 1119 1151 1150
f 1119 1120 1152 1151
f 1120 1089 1121 1152
f 1121 1122 1154 1153
f 1122 1123 1155 1154
f 1123 1124 1156 1155
f 1124 1125 1157 1156
f 1125 1126 1158 1157
f 1126 1127 1159 1158
f 1127 1128 1160 1159
f 1128 1129 1161 1160
f 1129 1130 1162 1161
f 1130 1131 1163 1162
f 1131 1132 1164 1163
f 1132 1133 1165 1164
f 1133 1134 1166 1165
f 1134 1135 1167 1166
f 1135 1136 1168 1167
f 1136 1137 1169 1168
f 1137 1138 1170 1169
f 1138 1139 1171 1170
f 1139 1140 1172 1171
f 1140 1141 1173 1172
f 1141 1142 1174 1173
f 1142 1143 1175 1174
f 1143 1144 1176 1175
f 1144 1145 1177 1176
f 1145 1146 1178 1177
f 1146 1147 1179 1178
f 1147 1148 1180 1179
f 1148 1149 1181 1180
f 1149 1150 1182 1181
f 1150 1151 1183 1182
f 1151 1152 1184 1183
f 1152 1121 1153 1184
f 1153 1154 1186 1185
f 1154 1155 1187 1186
f 1155 1156 1188 1187
f 1156 1157 1189 1188
f 1157 1158 1190 1189
f 1158 1159 1191 1190
f 1159 1160 1192 1191
f 1160 1161 1193 1192
f 1161 1162 1194 1193
f 1162 1163 1195 1194
f 1163 1164 1196 1195
f 1164 1165 1197 1196
f 1165 1166 1198 1197
f 1166 1167 1199 1198
f 1167 1168 1200 1199
f 1168 1169 1201 1200
f 1169 1170 1202 1201
f 1170 1171 1203 1202
f 1171 1172 1204 1203
f 1172 1173 1205 1204
f 1173 1174 1206 1205
f 1174 1175 1207 1206
f 1175 1176 1208 1207
f 1176 1177 1209 1208
f 1177 1178 1210 1209
f 1178 1179 1211 1210
f 1179 1180 1212 1211
f 1180 1181 1213 1212
f 1181 1182 1214 1213
f 1182 1183 1215 1214
f 1183 1184 1216 1215
f 1184 1153 1185 1216
o left_eye
usemtl eye_glow
f 1217 1218 1234 1233
f 1218 1219 1235 1234
f 1219 1220 1236 1235
f 1220 1221 1237 1236
f 1221 1222 1238 1237
f 1222 1223 1239 1238
f 1223 1224 1240 1239
f 1224 1225 1241 1240
f 1225 1226 1242 1241
f 1226 1227 1243 1242
f 1227 1228 1244 1243
f 1228 1229 1245 1244
f 1229 1230 1246 1245
f 1230 1231 1247 1246
f 1231 1232 1248 1247
f 1232 1217 1233 1248
f 1233 1234 1250 1249
f 1234 1235 1251 1250
f 1235 1236 1252 1251
f 1236 1237 1253 1252
f 1237 1238 1254 1253
f 1238 1239 1255 1254
f 1239 1240 1256 1255
f 1240 1241 1257 1256
f 1241 1242 1258 1257
f 1242 1243 1259 1258
f 1243 1244 1260 1259
f 1244 1245 1261 1260
f 1245 1246 1262 1261
f 1246 1247 1263 1262
f 1247 1248 1264 1263
f 1248 1233 1249 1264
f 1249 1250 1266 1265
f 1250 1251 1267 1266
f 1251 1252 1268 1267
f 1252 1253 1269 1268
f 1253 1254 1270 1269
f 1254 1255 1271 1270
f 1255 1256 1272 1271
f 1256 1257 1273 1272
f 1257 1258 1274 1273
f 1258 1259 1275 1274
f 1259 1260 1276 1275
f 1260 1261 1277 1276
f 1261 1262 1278 1277
f 1262 1263 1279 1278
f 1263 1264 1280 1279
f 1264 1249 1265 1280
f 1265 1266 1282 1281
f 1266 1267 1283 1282
f 1267 1268 1284 1283
f 1268 1269 1285 1284
f 1269 1270 1286 1285
f 1270 1271 1287 1286
f 1271 1272 1288 1287
f 1272 1273 1289 1288
f 1273 1274 1290 1289
f 1274 1275 1291 1290
f 1275 1276 1292 1291
f 1276 1277 1293 1292
f 1277 1278 1294 1293
f 1278 1279 1295 1294
f 1279 1280 1296 1295
f 1280 1265 1281 1296
f 1281 1282 1298 1297
f 1282 1283 1299 1298
f 1283 1284 1300 1299
f 1284 1285 1301 1300
f 1285 1286 1302 1301
f 1286 1287 1303 1302
f 1287 1288 1304 1303
f 1288 1289 1305 1304
f 1289 1290 1306 1305
f 1290 1291 1307 1306
f 1291 1292 1308 1307
f 1292 1293 1309 1308
f 1293 1294 1310 1309
f 1294 1295 1311 1310
f 1295 1296 1312 1311
f 1296 1281 1297 1312
f 1297 1298 1314 1313
f 1298 1299 1315 1314
f 1299 1300 1316 1315
f 1300 1301 1317 1316
f 1301 1302 1318 1317
f 1302 1303 1319 1318
f 1303 1304 1320 1319
f 1304 1305 1321 1320
f 1305 1306 1322 1321
f 1306 1307 1323 1322
f 1307 1308 1324 1323
f 1308 1309 1325 1324
f 1309 1310 1326 1325
f 1310 1311 1327 1326
f 1311 1312 1328 1327
f 1312 1297 1313 1328
f 1313 1314 1330 1329
f 1314 1315 1331 1330
f 1315 1316 1332 1331
f 1316 1317 1333 1332
f 1317 1318 1334 1333
f 1318 1319 1335 1334
f 1319 1320 1336 1335
f 1320 1321 1337 1336
f 1321 1322 1338 1337
f 1322 1323 1339 1338
f 1323 1324 1340 1339
f 1324 1325 1341 1340
f 1325 1326 1342 1341
f 1326 1327 1343 1342
f 1327 1328 1344 1343
f 1328 1313 1329 1344
f 1329 1330 1346 1345
f 1330 1331 1347 1346
f 1331 1332 1348 1347
f 1332 1333 1349 1348
f 1333 1334 1350 1349
f 1334 1335 1351 1350
f 1335 1336 1352 1351
f 1336 1337 1353 1352
f 1337 1338 1354 1353
f 1338 1339 1355 1354
f 1339 1340 1356 1355
f 1340 1341 1357 1356
f 1341 1342 1358 1357
f 1342 1343 1359 1358
f 1343 1344 1360 1359
f 1344 1329 1345 1360
f 1345 1346 1362 1361
f 1346 1347 1363 1362
f 1347 1348 1364 1363
f 1348 1349 1365 1364
f 1349 1350 1366 1365
f 1350 1351 1367 1366
f 1351 1352 1368 1367
f 1352 1353 1369 1368
f 1353 1354 1370 1369
f 1354 1355 1371 1370
f 1355 1356 1372 1371
f 1356 1357 1373 1372
f 1357 1358 1374 1373
f 1358 1359 1375 1374
f 1359 1360 1376 1375
f 1360 1345 1361 1376
f 1361 1362 1378 1377
f 1362 1363 1379 1378
f 1363 1364 1380 1379
f 1364 1365 1381 1380
f 1365 1366 1382 1381
f 1366 1367 1383 1382
f 1367 1368 1384 1383
f 1368 1369 1385 1384
f 1369 1370 1386 1385
f 1370 1371 1387 1386
f 1371 1372 1388 1387
f 1372 1373 1389 1388
f 1373 1374 1390 1389
f 1374 1375 1391 1390
f 1375 1376 1392 1391
f 1376 1361 1377 1392
o right_eye
f 1393 1394 1410 1409
f 1394 1395 1411 1410
f 1395 1396 1412 1411
f 1396 1397 1413 1412
f 1397 1398 1414 1413
f 1398 1399 1415 1414
f 1399 1400 1416 1415
f 1400 1401 1417 1416
f 1401 1402 1418 1417
f 1402 1403 1419 1418
f 1403 1404 1420 1419
f 1404 1405 1421 1420
f 1405 1406 1422 1421
f 1406 1407 1423 1422
f 1407 1408 1424 1423
f 1408 1393 1409 1424
f 1409 1410 1426 1425
f 1410 1411 1427 1426
f 1411 1412 1428 1427
f 1412 1413 1429 1428
f 1413 1414 1430 1429
f 1414 1415 1431 1430
f 1415 1416 1432 1431
f 1416 1417 1433 1432
f 1417 1418 1434 1433
f 1418 1419 1435 1434
f 1419 1420 1436 1435
f 1420 1421 1437 1436
f 1421 1422 1438 1437
f 1422 1423 1439 1438
f 1423 1424 1440 1439
f 1424 1409 1425 1440
f 1425 1426 1442 1441
f 1426 1427 1443 1442
f 1427 1428 1444 1443
f 1428 1429 1445 1444
f 1429 1430 1446 1445
f 1430 1431 1447 1446
f 1431 1432 1448 1447
f 1432 1433 1449 1448
f 1433 1434 1450 1449
f 1434 1435 1451 1450
f 1435 1436 1452 1451
f 1436 1437 1453 1452
f 1437 1438 1454 1453
f 1438 1439 1455 1454
f 1439 1440 1456 1455
f 1440 1425 1441 1456
f 1441 1442 1458 1457
f 1442 1443 1459 1458
f 1443 1444 1460 1459
f 1444 1445 1461 1460
f 1445 1446 1462 1461
f 1446 1447 1463 1462
f 1447 1448 1464 1463
f 1448 1449 1465 1464
f 1449 1450 1466 1465
f 1450 1451 1467 1466
f 1451 1452 1468 1467
f 1452 1453 1469 1468
f 1453 1454 1470 1469
f 1454 1455 1471 1470
f 1455 1456 1472 1471
f 1456 1441 1457 1472
f 1457 1458 1474 1473
f 1458 1459 1475 1474
f 1459 1460 1476 1475
f 1460 1461 1477 1476
f 1461 1462 1478 1477
f 1462 1463 1479 1478
f 1463 1464 1480 1479
f 1464 1465 1481 1480
f 1465 1466 1482 1481
f 1466 1467 1483 1482
f 1467 1468 1484 1483
f 1468 1469 1485 1484
f 1469 1470 1486 1485
f 1470 1471 1487 1486
f 1471 1472 1488 1487
f 1472 1457 1473 1488
f 1473 1474 1490 1489
f 1474 1475 1491 1490
f 1475 1476 1492 1491
f 1476 1477 1493 1492
f 1477 1478 1494 1493
f 1478 1479 1495 1494
f 1479 1480 1496 1495
f 1480 1481 1497 1496
f 1481 1482 1498 1497
f 1482 1483 1499 1498
f 1483 1484 1500 1499
f 1484 1485 1501 1500
f 1485 1486 1502 1501
f 1486 1487 1503 1502
f 1487 1488 1504 1503
f 1488 1473 1489 1504
f 1489 1490 1506 1505
f 1490 1491 1507 1506
f 1491 1492 1508 1507
f 1492 1493 1509 1508
f 1493 1494 1510 1509
f 1494 1495 1511 1510
f 1495 1496 1512 1511
f 1496 1497 1513 1512
f 1497 1498 1514 1513
f 1498 1499 1515 1514
f 1499 1500 1516 1515
f 1500 1501 1517 1516
f 1501 1502 1518 1517
f 1502 1503 1519 1518
f 1503 1504 1520 1519
f 1504 1489 1505 1520
f 1505 1506 1522 1521
f 1506 1507 1523 1522
f 1507 1508 1524 1523
f 1508 1509 1525 1524
f 1509 1510 1526 1525
f 1510 1511 1527 1526
f 1511 1512 1528 1527
f 1512 1513 1529 1528
f 1513 1514 1530 1529
f 1514 1515 1531 1530
f 1515 1516 1532 1531
f 1516 1517 1533 1532
f 1517 1518 1534 1533
f 1518 1519 1535 1534
f 1519 1520 1536 1535
f 1520 1505 1521 1536
f 1521 1522 1538 1537
f 1522 1523 1539 1538
f 1523 1524 1540 1539
f 1524 1525 1541 1540
f 1525 1526 1542 1541
f 1526 1527 1543 1542
f 1527 1528 1544 1543
f 1528 1529 1545 1544
f 1529 1530 1546 1545
f 1530 1531 1547 1546
f 1531 1532 1548 1547
f 1532 1533 1549 1548
f 1533 1534 1550 1549
f 1534 1535 1551 1550
f 1535 1536 1552 1551
f 1536 1521 1537 1552
f 1537 1538 1554 1553
f 1538 1539 1555 1554
f 1539 1540 1556 1555
f 1540 1541 1557 1556
f 1541 1542 1558 1557
f 1542 1543 1559 1558
f 1543 1544 1560 1559
f 1544 1545 1561 1560
f 1545 1546 1562 1561
f 1546 1547 1563 1562
f 1547 1548 1564 1563
f 1548 1549 1565 1564
f 1549 1550 1566 1565
f 1550 1551 1567 1566
f 1551 1552 1568 1567
f 1552 1537 1553 1568
o chest_g_vertical
usemtl amber_mark
f 1569 1570 1571 1572
f 1573 1576 1575 1574
f 1569 1573 1574 1570
f 1570 1574 1575 1571
f 1571 1575 1576 1572
f 1572 1576 1573 1569
o chest_g_top
f 1577 1578 1579 1580
f 1581 1584 1583 1582
f 1577 1581 1582 1578
f 1578 1582 1583 1579
f 1579 1583 1584 1580
f 1580 1584 1581 1577
o chest_g_bottom
f 1585 1586 1587 1588
f 1589 1592 1591 1590
f 1585 1589 1590 1586
f 1586 1590 1591 1587
f 1587 1591 1592 1588
f 1588 1592 1589 1585
o chest_g_mid
f 1593 1594 1595 1596
f 1597 1600 1599 1598
f 1593 1597 1598 1594
f 1594 1598 1599 1595
f 1595 1599 1600 1596
f 1596 1600 1597 1593
o chest_g_tip
f 1601 1602 1603 1604
f 1605 1608 1607 1606
f 1601 1605 1606 1602
f 1602 1606 1607 1603
f 1603 1607 1608 1604
f 1604 1608 1605 1601
o left_antenna
usemtl metal_trim
f 1663 1661 1659 1657 1655 1653 1651 1649 1647 1645 1643 1641 1639 1637 1635 1633 1631 1629 1627 1625 1623 1621 1619 1617 1615 1613 1611 1609
f 1610 1612 1614 1616 1618 1620 1622 1624 1626 1628 1630 1632 1634 1636 1638 1640 1642 1644 1646 1648 1650 1652 1654 1656 1658 1660 1662 1664
f 1609 1611 1612 1610
f 1611 1613 1614 1612
f 1613 1615 1616 1614
f 1615 1617 1618 1616
f 1617 1619 1620 1618
f 1619 1621 1622 1620
f 1621 1623 1624 1622
f 1623 1625 1626 1624
f 1625 1627 1628 1626
f 1627 1629 1630 1628
f 1629 1631 1632 1630
f 1631 1633 1634 1632
f 1633 1635 1636 1634
f 1635 1637 1638 1636
f 1637 1639 1640 1638
f 1639 1641 1642 1640
f 1641 1643 1644 1642
f 1643 1645 1646 1644
f 1645 1647 1648 1646
f 1647 1649 1650 1648
f 1649 1651 1652 1650
f 1651 1653 1654 1652
f 1653 1655 1656 1654
f 1655 1657 1658 1656
f 1657 1659 1660 1658
f 1659 1661 1662 1660
f 1661 1663 1664 1662
f 1663 1609 1610 1664
o right_antenna
f 1719 1717 1715 1713 1711 1709 1707 1705 1703 1701 1699 1697 1695 1693 1691 1689 1687 1685 1683 1681 1679 1677 1675 1673 1671 1669 1667 1665
f 1666 1668 1670 1672 1674 1676 1678 1680 1682 1684 1686 1688 1690 1692 1694 1696 1698 1700 1702 1704 1706 1708 1710 1712 1714 1716 1718 1720
f 1665 1667 1668 1666
f 1667 1669 1670 1668
f 1669 1671 1672 1670
f 1671 1673 1674 1672
f 1673 1675 1676 1674
f 1675 1677 1678 1676
f 1677 1679 1680 1678
f 1679 1681 1682 1680
f 1681 1683 1684 1682
f 1683 1685 1686 1684
f 1685 1687 1688 1686
f 1687 1689 1690 1688
f 1689 1691 1692 1690
f 1691 1693 1694 1692
f 1693 1695 1696 1694
f 1695 1697 1698 1696
f 1697 1699 1700 1698
f 1699 1701 1702 1700
f 1701 1703 1704 1702
f 1703 1705 1706 1704
f 1705 1707 1708 1706
f 1707 1709 1710 1708
f 1709 1711 1712 1710
f 1711 1713 1714 1712
f 1713 1715 1716 1714
f 1715 1717 1718 1716
f 1717 1719 1720 1718
f 1719 1665 1666 1720
o left_antenna_light
usemtl eye_glow
f 1721 1722 1736 1735
f 1722 1723 1737 1736
f 1723 1724 1738 1737
f 1724 1725 1739 1738
f 1725 1726 1740 1739
f 1726 1727 1741 1740
f 1727 1728 1742 1741
f 1728 1729 1743 1742
f 1729 1730 1744 1743
f 1730 1731 1745 1744
f 1731 1732 1746 1745
f 1732 1733 1747 1746
f 1733 1734 1748 1747
f 1734 1721 1735 1748
f 1735 1736 1750 1749
f 1736 1737 1751 1750
f 1737 1738 1752 1751
f 1738 1739 1753 1752
f 1739 1740 1754 1753
f 1740 1741 1755 1754
f 1741 1742 1756 1755
f 1742 1743 1757 1756
f 1743 1744 1758 1757
f 1744 1745 1759 1758
f 1745 1746 1760 1759
f 1746 1747 1761 1760
f 1747 1748 1762 1761
f 1748 1735 1749 1762
f 1749 1750 1764 1763
f 1750 1751 1765 1764
f 1751 1752 1766 1765
f 1752 1753 1767 1766
f 1753 1754 1768 1767
f 1754 1755 1769 1768
f 1755 1756 1770 1769
f 1756 1757 1771 1770
f 1757 1758 1772 1771
f 1758 1759 1773 1772
f 1759 1760 1774 1773
f 1760 1761 1775 1774
f 1761 1762 1776 1775
f 1762 1749 1763 1776
f 1763 1764 1778 1777
f 1764 1765 1779 1778
f 1765 1766 1780 1779
f 1766 1767 1781 1780
f 1767 1768 1782 1781
f 1768 1769 1783 1782
f 1769 1770 1784 1783
f 1770 1771 1785 1784
f 1771 1772 1786 1785
f 1772 1773 1787 1786
f 1773 1774 1788 1787
f 1774 1775 1789 1788
f 1775 1776 1790 1789
f 1776 1763 1777 1790
f 1777 1778 1792 1791
f 1778 1779 1793 1792
f 1779 1780 1794 1793
f 1780 1781 1795 1794
f 1781 1782 1796 1795
f 1782 1783 1797 1796
f 1783 1784 1798 1797
f 1784 1785 1799 1798
f 1785 1786 1800 1799
f 1786 1787 1801 1800
f 1787 1788 1802 1801
f 1788 1789 1803 1802
f 1789 1790 1804 1803
f 1790 1777 1791 1804
f 1791 1792 1806 1805
f 1792 1793 1807 1806
f 1793 1794 1808 1807
f 1794 1795 1809 1808
f 1795 1796 1810 1809
f 1796 1797 1811 1810
f 1797 1798 1812 1811
f 1798 1799 1813 1812
f 1799 1800 1814 1813
f 1800 1801 1815 1814
f 1801 1802 1816 1815
f 1802 1803 1817 1816
f 1803 1804 1818 1817
f 1804 1791 1805 1818
f 1805 1806 1820 1819
f 1806 1807 1821 1820
f 1807 1808 1822 1821
f 1808 1809 1823 1822
f 1809 1810 1824 1823
f 1810 1811 1825 1824
f 1811 1812 1826 1825
f 1812 1813 1827 1826
f 1813 1814 1828 1827
f 1814 1815 1829 1828
f 1815 1816 1830 1829
f 1816 1817 1831 1830
f 1817 1818 1832 1831
f 1818 1805 1819 1832
f 1819 1820 1834 1833
f 1820 1821 1835 1834
f 1821 1822 1836 1835
f 1822 1823 1837 1836
f 1823 1824 1838 1837
f 1824 1825 1839 1838
f 1825 1826 1840 1839
f 1826 1827 1841 1840
f 1827 1828 1842 1841
f 1828 1829 1843 1842
f 1829 1830 1844 1843
f 1830 1831 1845 1844
f 1831 1832 1846 1845
f 1832 1819 1833 1846
o right_antenna_light
f 1847 1848 1862 1861
f 1848 1849 1863 1862
f 1849 1850 1864 1863
f 1850 1851 1865 1864
f 1851 1852 1866 1865
f 1852 1853 1867 1866
f 1853 1854 1868 1867
f 1854 1855 1869 1868
f 1855 1856 1870 1869
f 1856 1857 1871 1870
f 1857 1858 1872 1871
f 1858 1859 1873 1872
f 1859 1860 1874 1873
f 1860 1847 1861 1874
f 1861 1862 1876 1875
f 1862 1863 1877 1876
f 1863 1864 1878 1877
f 1864 1865 1879 1878
f 1865 1866 1880 1879
f 1866 1867 1881 1880
f 1867 1868 1882 1881
f 1868 1869 1883 1882
f 1869 1870 1884 1883
f 1870 1871 1885 1884
f 1871 1872 1886 1885
f 1872 1873 1887 1886
f 1873 1874 1888 1887
f 1874 1861 1875 1888
f 1875 1876 1890 1889
f 1876 1877 1891 1890
f 1877 1878 1892 1891
f 1878 1879 1893 1892
f 1879 1880 1894 1893
f 1880 1881 1895 1894
f 1881 1882 1896 1895
f 1882 1883 1897 1896
f 1883 1884 1898 1897
f 1884 1885 1899 1898
f 1885 1886 1900 1899
f 1886 1887 1901 1900
f 1887 1888 1902 1901
f 1888 1875 1889 1902
f 1889 1890 1904 1903
f 1890 1891 1905 1904
f 1891 1892 1906 1905
f 1892 1893 1907 1906
f 1893 1894 1908 1907
f 1894 1895 1909 1908
f 1895 1896 1910 1909
f 1896 1897 1911 1910
f 1897 1898 1912 1911
f 1898 1899 1913 1912
f 1899 1900 1914 1913
f 1900 1901 1915 1914
f 1901 1902 1916 1915
f 1902 1889 1903 1916
f 1903 1904 1918 1917
f 1904 1905 1919 1918
f 1905 1906 1920 1919
f 1906 1907 1921 1920
f 1907 1908 1922 1921
f 1908 1909 1923 1922
f 1909 1910 1924 1923
f 1910 1911 1925 1924
f 1911 1912 1926 1925
f 1912 1913 1927 1926
f 1913 1914 1928 1927
f 1914 1915 1929 1928
f 1915 1916 1930 1929
f 1916 1903 1917 1930
f 1917 1918 1932 1931
f 1918 1919 1933 1932
f 1919 1920 1934 1933
f 1920 1921 1935 1934
f 1921 1922 1936 1935
f 1922 1923 1937 1936
f 1923 1924 1938 1937
f 1924 1925 1939 1938
f 1925 1926 1940 1939
f 1926 1927 1941 1940
f 1927 1928 1942 1941
f 1928 1929 1943 1942
f 1929 1930 1944 1943
f 1930 1917 1931 1944
f 1931 1932 1946 1945
f 1932 1933 1947 1946
f 1933 1934 1948 1947
f 1934 1935 1949 1948
f 1935 1936 1950 1949
f 1936 1937 1951 1950
f 1937 1938 1952 1951
f 1938 1939 1953 1952
f 1939 1940 1954 1953
f 1940 1941 1955 1954
f 1941 1942 1956 1955
f 1942 1943 1957 1956
f 1943 1944 1958 1957
f 1944 1931 1945 1958
f 1945 1946 1960 1959
f 1946 1947 1961 1960
f 1947 1948 1962 1961
f 1948 1949 1963 1962
f 1949 1950 1964 1963
f 1950 1951 1965 1964
f 1951 1952 1966 1965
f 1952 1953 1967 1966
f 1953 1954 1968 1967
f 1954 1955 1969 1968
f 1955 1956 1970 1969
f 1956 1957 1971 1970
f 1957 1958 1972 1971
f 1958 1945 1959 1972
o left_arm
usemtl body_graphite
f 2027 2025 2023 2021 2019 2017 2015 2013 2011 2009 2007 2005 2003 2001 1999 1997 1995 1993 1991 1989 1987 1985 1983 1981 1979 1977 1975 1973
f 1974 1976 1978 1980 1982 1984 1986 1988 1990 1992 1994 1996 1998 2000 2002 2004 2006 2008 2010 2012 2014 2016 2018 2020 2022 2024 2026 2028
f 1973 1975 1976 1974
f 1975 1977 1978 1976
f 1977 1979 1980 1978
f 1979 1981 1982 1980
f 1981 1983 1984 1982
f 1983 1985 1986 1984
f 1985 1987 1988 1986
f 1987 1989 1990 1988
f 1989 1991 1992 1990
f 1991 1993 1994 1992
f 1993 1995 1996 1994
f 1995 1997 1998 1996
f 1997 1999 2000 1998
f 1999 2001 2002 2000
f 2001 2003 2004 2002
f 2003 2005 2006 2004
f 2005 2007 2008 2006
f 2007 2009 2010 2008
f 2009 2011 2012 2010
f 2011 2013 2014 2012
f 2013 2015 2016 2014
f 2015 2017 2018 2016
f 2017 2019 2020 2018
f 2019 2021 2022 2020
f 2021 2023 2024 2022
f 2023 2025 2026 2024
f 2025 2027 2028 2026
f 2027 1973 1974 2028
o right_arm
f 2083 2081 2079 2077 2075 2073 2071 2069 2067 2065 2063 2061 2059 2057 2055 2053 2051 2049 2047 2045 2043 2041 2039 2037 2035 2033 2031 2029
f 2030 2032 2034 2036 2038 2040 2042 2044 2046 2048 2050 2052 2054 2056 2058 2060 2062 2064 2066 2068 2070 2072 2074 2076 2078 2080 2082 2084
f 2029 2031 2032 2030
f 2031 2033 2034 2032
f 2033 2035 2036 2034
f 2035 2037 2038 2036
f 2037 2039 2040 2038
f 2039 2041 2042 2040
f 2041 2043 2044 2042
f 2043 2045 2046 2044
f 2045 2047 2048 2046
f 2047 2049 2050 2048
f 2049 2051 2052 2050
f 2051 2053 2054 2052
f 2053 2055 2056 2054
f 2055 2057 2058 2056
f 2057 2059 2060 2058
f 2059 2061 2062 2060
f 2061 2063 2064 2062
f 2063 2065 2066 2064
f 2065 2067 2068 2066
f 2067 2069 2070 2068
f 2069 2071 2072 2070
f 2071 2073 2074 2072
f 2073 2075 2076 2074
f 2075 2077 2078 2076
f 2077 2079 2080 2078
f 2079 2081 2082 2080
f 2081 2083 2084 2082
f 2083 2029 2030 2084
o left_hand
usemtl metal_trim
f 2085 2086 2102 2101
f 2086 2087 2103 2102
f 2087 2088 2104 2103
f 2088 2089 2105 2104
f 2089 2090 2106 2105
f 2090 2091 2107 2106
f 2091 2092 2108 2107
f 2092 2093 2109 2108
f 2093 2094 2110 2109
f 2094 2095 2111 2110
f 2095 2096 2112 2111
f 2096 2097 2113 2112
f 2097 2098 2114 2113
f 2098 2099 2115 2114
f 2099 2100 2116 2115
f 2100 2085 2101 2116
f 2101 2102 2118 2117
f 2102 2103 2119 2118
f 2103 2104 2120 2119
f 2104 2105 2121 2120
f 2105 2106 2122 2121
f 2106 2107 2123 2122
f 2107 2108 2124 2123
f 2108 2109 2125 2124
f 2109 2110 2126 2125
f 2110 2111 2127 2126
f 2111 2112 2128 2127
f 2112 2113 2129 2128
f 2113 2114 2130 2129
f 2114 2115 2131 2130
f 2115 2116 2132 2131
f 2116 2101 2117 2132
f 2117 2118 2134 2133
f 2118 2119 2135 2134
f 2119 2120 2136 2135
f 2120 2121 2137 2136
f 2121 2122 2138 2137
f 2122 2123 2139 2138
f 2123 2124 2140 2139
f 2124 2125 2141 2140
f 2125 2126 2142 2141
f 2126 2127 2143 2142
f 2127 2128 2144 2143
f 2128 2129 2145 2144
f 2129 2130 2146 2145
f 2130 2131 2147 2146
f 2131 2132 2148 2147
f 2132 2117 2133 2148
f 2133 2134 2150 2149
f 2134 2135 2151 2150
f 2135 2136 2152 2151
f 2136 2137 2153 2152
f 2137 2138 2154 2153
f 2138 2139 2155 2154
f 2139 2140 2156 2155
f 2140 2141 2157 2156
f 2141 2142 2158 2157
f 2142 2143 2159 2158
f 2143 2144 2160 2159
f 2144 2145 2161 2160
f 2145 2146 2162 2161
f 2146 2147 2163 2162
f 2147 2148 2164 2163
f 2148 2133 2149 2164
f 2149 2150 2166 2165
f 2150 2151 2167 2166
f 2151 2152 2168 2167
f 2152 2153 2169 2168
f 2153 2154 2170 2169
f 2154 2155 2171 2170
f 2155 2156 2172 2171
f 2156 2157 2173 2172
f 2157 2158 2174 2173
f 2158 2159 2175 2174
f 2159 2160 2176 2175
f 2160 2161 2177 2176
f 2161 2162 2178 2177
f 2162 2163 2179 2178
f 2163 2164 2180 2179
f 2164 2149 2165 2180
f 2165 2166 2182 2181
f 2166 2167 2183 2182
f 2167 2168 2184 2183
f 2168 2169 2185 2184
f 2169 2170 2186 2185
f 2170 2171 2187 2186
f 2171 2172 2188 2187
f 2172 2173 2189 2188
f 2173 2174 2190 2189
f 2174 2175 2191 2190
f 2175 2176 2192 2191
f 2176 2177 2193 2192
f 2177 2178 2194 2193
f 2178 2179 2195 2194
f 2179 2180 2196 2195
f 2180 2165 2181 2196
f 2181 2182 2198 2197
f 2182 2183 2199 2198
f 2183 2184 2200 2199
f 2184 2185 2201 2200
f 2185 2186 2202 2201
f 2186 2187 2203 2202
f 2187 2188 2204 2203
f 2188 2189 2205 2204
f 2189 2190 2206 2205
f 2190 2191 2207 2206
f 2191 2192 2208 2207
f 2192 2193 2209 2208
f 2193 2194 2210 2209
f 2194 2195 2211 2210
f 2195 2196 2212 2211
f 2196 2181 2197 2212
f 2197 2198 2214 2213
f 2198 2199 2215 2214
f 2199 2200 2216 2215
f 2200 2201 2217 2216
f 2201 2202 2218 2217
f 2202 2203 2219 2218
f 2203 2204 2220 2219
f 2204 2205 2221 2220
f 2205 2206 2222 2221
f 2206 2207 2223 2222
f 2207 2208 2224 2223
f 2208 2209 2225 2224
f 2209 2210 2226 2225
f 2210 2211 2227 2226
f 2211 2212 2228 2227
f 2212 2197 2213 2228
f 2213 2214 2230 2229
f 2214 2215 2231 2230
f 2215 2216 2232 2231
f 2216 2217 2233 2232
f 2217 2218 2234 2233
f 2218 2219 2235 2234
f 2219 2220 2236 2235
f 2220 2221 2237 2236
f 2221 2222 2238 2237
f 2222 2223 2239 2238
f 2223 2224 2240 2239
f 2224 2225 2241 2240
f 2225 2226 2242 2241
f 2226 2227 2243 2242
f 2227 2228 2244 2243
f 2228 2213 2229 2244
f 2229 2230 2246 2245
f 2230 2231 2247 2246
f 2231 2232 2248 2247
f 2232 2233 2249 2248
f 2233 2234 2250 2249
f 2234 2235 2251 2250
f 2235 2236 2252 2251
f 2236 2237 2253 2252
f 2237 2238 2254 2253
f 2238 2239 2255 2254
f 2239 2240 2256 2255
f 2240 2241 2257 2256
f 2241 2242 2258 2257
f 2242 2243 2259 2258
f 2243 2244 2260 2259
f 2244 2229 2245 2260
o right_hand
f 2261 2262 2278 2277
f 2262 2263 2279 2278
f 2263 2264 2280 2279
f 2264 2265 2281 2280
f 2265 2266 2282 2281
f 2266 2267 2283 2282
f 2267 2268 2284 2283
f 2268 2269 2285 2284
f 2269 2270 2286 2285
f 2270 2271 2287 2286
f 2271 2272 2288 2287
f 2272 2273 2289 2288
f 2273 2274 2290 2289
f 2274 2275 2291 2290
f 2275 2276 2292 2291
f 2276 2261 2277 2292
f 2277 2278 2294 2293
f 2278 2279 2295 2294
f 2279 2280 2296 2295
f 2280 2281 2297 2296
f 2281 2282 2298 2297
f 2282 2283 2299 2298
f 2283 2284 2300 2299
f 2284 2285 2301 2300
f 2285 2286 2302 2301
f 2286 2287 2303 2302
f 2287 2288 2304 2303
f 2288 2289 2305 2304
f 2289 2290 2306 2305
f 2290 2291 2307 2306
f 2291 2292 2308 2307
f 2292 2277 2293 2308
f 2293 2294 2310 2309
f 2294 2295 2311 2310
f 2295 2296 2312 2311
f 2296 2297 2313 2312
f 2297 2298 2314 2313
f 2298 2299 2315 2314
f 2299 2300 2316 2315
f 2300 2301 2317 2316
f 2301 2302 2318 2317
f 2302 2303 2319 2318
f 2303 2304 2320 2319
f 2304 2305 2321 2320
f 2305 2306 2322 2321
f 2306 2307 2323 2322
f 2307 2308 2324 2323
f 2308 2293 2309 2324
f 2309 2310 2326 2325
f 2310 2311 2327 2326
f 2311 2312 2328 2327
f 2312 2313 2329 2328
f 2313 2314 2330 2329
f 2314 2315 2331 2330
f 2315 2316 2332 2331
f 2316 2317 2333 2332
f 2317 2318 2334 2333
f 2318 2319 2335 2334
f 2319 2320 2336 2335
f 2320 2321 2337 2336
f 2321 2322 2338 2337
f 2322 2323 2339 2338
f 2323 2324 2340 2339
f 2324 2309 2325 2340
f 2325 2326 2342 2341
f 2326 2327 2343 2342
f 2327 2328 2344 2343
f 2328 2329 2345 2344
f 2329 2330 2346 2345
f 2330 2331 2347 2346
f 2331 2332 2348 2347
f 2332 2333 2349 2348
f 2333 2334 2350 2349
f 2334 2335 2351 2350
f 2335 2336 2352 2351
f 2336 2337 2353 2352
f 2337 2338 2354 2353
f 2338 2339 2355 2354
f 2339 2340 2356 2355
f 2340 2325 2341 2356
f 2341 2342 2358 2357
f 2342 2343 2359 2358
f 2343 2344 2360 2359
f 2344 2345 2361 2360
f 2345 2346 2362 2361
f 2346 2347 2363 2362
f 2347 2348 2364 2363
f 2348 2349 2365 2364
f 2349 2350 2366 2365
f 2350 2351 2367 2366
f 2351 2352 2368 2367
f 2352 2353 2369 2368
f 2353 2354 2370 2369
f 2354 2355 2371 2370
f 2355 2356 2372 2371
f 2356 2341 2357 2372
f 2357 2358 2374 2373
f 2358 2359 2375 2374
f 2359 2360 2376 2375
f 2360 2361 2377 2376
f 2361 2362 2378 2377
f 2362 2363 2379 2378
f 2363 2364 2380 2379
f 2364 2365 2381 2380
f 2365 2366 2382 2381
f 2366 2367 2383 2382
f 2367 2368 2384 2383
f 2368 2369 2385 2384
f 2369 2370 2386 2385
f 2370 2371 2387 2386
f 2371 2372 2388 2387
f 2372 2357 2373 2388
f 2373 2374 2390 2389
f 2374 2375 2391 2390
f 2375 2376 2392 2391
f 2376 2377 2393 2392
f 2377 2378 2394 2393
f 2378 2379 2395 2394
f 2379 2380 2396 2395
f 2380 2381 2397 2396
f 2381 2382 2398 2397
f 2382 2383 2399 2398
f 2383 2384 2400 2399
f 2384 2385 2401 2400
f 2385 2386 2402 2401
f 2386 2387 2403 2402
f 2387 2388 2404 2403
f 2388 2373 2389 2404
f 2389 2390 2406 2405
f 2390 2391 2407 2406
f 2391 2392 2408 2407
f 2392 2393 2409 2408
f 2393 2394 2410 2409
f 2394 2395 2411 2410
f 2395 2396 2412 2411
f 2396 2397 2413 2412
f 2397 2398 2414 2413
f 2398 2399 2415 2414
f 2399 2400 2416 2415
f 2400 2401 2417 2416
f 2401 2402 2418 2417
f 2402 2403 2419 2418
f 2403 2404 2420 2419
f 2404 2389 2405 2420
f 2405 2406 2422 2421
f 2406 2407 2423 2422
f 2407 2408 2424 2423
f 2408 2409 2425 2424
f 2409 2410 2426 2425
f 2410 2411 2427 2426
f 2411 2412 2428 2427
f 2412 2413 2429 2428
f 2413 2414 2430 2429
f 2414 2415 2431 2430
f 2415 2416 2432 2431
f 2416 2417 2433 2432
f 2417 2418 2434 2433
f 2418 2419 2435 2434
f 2419 2420 2436 2435
f 2420 2405 2421 2436
o left_foot
f 2437 2438 2456 2455
f 2438 2439 2457 2456
f 2439 2440 2458 2457
f 2440 2441 2459 2458
f 2441 2442 2460 2459
f 2442 2443 2461 2460
f 2443 2444 2462 2461
f 2444 2445 2463 2462
f 2445 2446 2464 2463
f 2446 2447 2465 2464
f 2447 2448 2466 2465
f 2448 2449 2467 2466
f 2449 2450 2468 2467
f 2450 2451 2469 2468
f 2451 2452 2470 2469
f 2452 2453 2471 2470
f 2453 2454 2472 2471
f 2454 2437 2455 2472
f 2455 2456 2474 2473
f 2456 2457 2475 2474
f 2457 2458 2476 2475
f 2458 2459 2477 2476
f 2459 2460 2478 2477
f 2460 2461 2479 2478
f 2461 2462 2480 2479
f 2462 2463 2481 2480
f 2463 2464 2482 2481
f 2464 2465 2483 2482
f 2465 2466 2484 2483
f 2466 2467 2485 2484
f 2467 2468 2486 2485
f 2468 2469 2487 2486
f 2469 2470 2488 2487
f 2470 2471 2489 2488
f 2471 2472 2490 2489
f 2472 2455 2473 2490
f 2473 2474 2492 2491
f 2474 2475 2493 2492
f 2475 2476 2494 2493
f 2476 2477 2495 2494
f 2477 2478 2496 2495
f 2478 2479 2497 2496
f 2479 2480 2498 2497
f 2480 2481 2499 2498
f 2481 2482 2500 2499
f 2482 2483 2501 2500
f 2483 2484 2502 2501
f 2484 2485 2503 2502
f 2485 2486 2504 2503
f 2486 2487 2505 2504
f 2487 2488 2506 2505
f 2488 2489 2507 2506
f 2489 2490 2508 2507
f 2490 2473 2491 2508
f 2491 2492 2510 2509
f 2492 2493 2511 2510
f 2493 2494 2512 2511
f 2494 2495 2513 2512
f 2495 2496 2514 2513
f 2496 2497 2515 2514
f 2497 2498 2516 2515
f 2498 2499 2517 2516
f 2499 2500 2518 2517
f 2500 2501 2519 2518
f 2501 2502 2520 2519
f 2502 2503 2521 2520
f 2503 2504 2522 2521
f 2504 2505 2523 2522
f 2505 2506 2524 2523
f 2506 2507 2525 2524
f 2507 2508 2526 2525
f 2508 2491 2509 2526
f 2509 2510 2528 2527
f 2510 2511 2529 2528
f 2511 2512 2530 2529
f 2512 2513 2531 2530
f 2513 2514 2532 2531
f 2514 2515 2533 2532
f 2515 2516 2534 2533
f 2516 2517 2535 2534
f 2517 2518 2536 2535
f 2518 2519 2537 2536
f 2519 2520 2538 2537
f 2520 2521 2539 2538
f 2521 2522 2540 2539
f 2522 2523 2541 2540
f 2523 2524 2542 2541
f 2524 2525 2543 2542
f 2525 2526 2544 2543
f 2526 2509 2527 2544
f 2527 2528 2546 2545
f 2528 2529 2547 2546
f 2529 2530 2548 2547
f 2530 2531 2549 2548
f 2531 2532 2550 2549
f 2532 2533 2551 2550
f 2533 2534 2552 2551
f 2534 2535 2553 2552
f 2535 2536 2554 2553
f 2536 2537 2555 2554
f 2537 2538 2556 2555
f 2538 2539 2557 2556
f 2539 2540 2558 2557
f 2540 2541 2559 2558
f 2541 2542 2560 2559
f 2542 2543 2561 2560
f 2543 2544 2562 2561
f 2544 2527 2545 2562
f 2545 2546 2564 2563
f 2546 2547 2565 2564
f 2547 2548 2566 2565
f 2548 2549 2567 2566
f 2549 2550 2568 2567
f 2550 2551 2569 2568
f 2551 2552 2570 2569
f 2552 2553 2571 2570
f 2553 2554 2572 2571
f 2554 2555 2573 2572
f 2555 2556 2574 2573
f 2556 2557 2575 2574
f 2557 2558 2576 2575
f 2558 2559 2577 2576
f 2559 2560 2578 2577
f 2560 2561 2579 2578
f 2561 2562 2580 2579
f 2562 2545 2563 2580
f 2563 2564 2582 2581
f 2564 2565 2583 2582
f 2565 2566 2584 2583
f 2566 2567 2585 2584
f 2567 2568 2586 2585
f 2568 2569 2587 2586
f 2569 2570 2588 2587
f 2570 2571 2589 2588
f 2571 2572 2590 2589
f 2572 2573 2591 2590
f 2573 2574 2592 2591
f 2574 2575 2593 2592
f 2575 2576 2594 2593
f 2576 2577 2595 2594
f 2577 2578 2596 2595
f 2578 2579 2597 2596
f 2579 2580 2598 2597
f 2580 2563 2581 2598
f 2581 2582 2600 2599
f 2582 2583 2601 2600
f 2583 2584 2602 2601
f 2584 2585 2603 2602
f 2585 2586 2604 2603
f 2586 2587 2605 2604
f 2587 2588 2606 2605
f 2588 2589 2607 2606
f 2589 2590 2608 2607
f 2590 2591 2609 2608
f 2591 2592 2610 2609
f 2592 2593 2611 2610
f 2593 2594 2612 2611
f 2594 2595 2613 2612
f 2595 2596 2614 2613
f 2596 2597 2615 2614
f 2597 2598 2616 2615
f 2598 2581 2599 2616
f 2599 2600 2618 2617
f 2600 2601 2619 2618
f 2601 2602 2620 2619
f 2602 2603 2621 2620
f 2603 2604 2622 2621
f 2604 2605 2623 2622
f 2605 2606 2624 2623
f 2606 2607 2625 2624
f 2607 2608 2626 2625
f 2608 2609 2627 2626
f 2609 2610 2628 2627
f 2610 2611 2629 2628
f 2611 2612 2630 2629
f 2612 2613 2631 2630
f 2613 2614 2632 2631
f 2614 2615 2633 2632
f 2615 2616 2634 2633
f 2616 2599 2617 2634
o right_foot
f 2635 2636 2654 2653
f 2636 2637 2655 2654
f 2637 2638 2656 2655
f 2638 2639 2657 2656
f 2639 2640 2658 2657
f 2640 2641 2659 2658
f 2641 2642 2660 2659
f 2642 2643 2661 2660
f 2643 2644 2662 2661
f 2644 2645 2663 2662
f 2645 2646 2664 2663
f 2646 2647 2665 2664
f 2647 2648 2666 2665
f 2648 2649 2667 2666
f 2649 2650 2668 2667
f 2650 2651 2669 2668
f 2651 2652 2670 2669
f 2652 2635 2653 2670
f 2653 2654 2672 2671
f 2654 2655 2673 2672
f 2655 2656 2674 2673
f 2656 2657 2675 2674
f 2657 2658 2676 2675
f 2658 2659 2677 2676
f 2659 2660 2678 2677
f 2660 2661 2679 2678
f 2661 2662 2680 2679
f 2662 2663 2681 2680
f 2663 2664 2682 2681
f 2664 2665 2683 2682
f 2665 2666 2684 2683
f 2666 2667 2685 2684
f 2667 2668 2686 2685
f 2668 2669 2687 2686
f 2669 2670 2688 2687
f 2670 2653 2671 2688
f 2671 2672 2690 2689
f 2672 2673 2691 2690
f 2673 2674 2692 2691
f 2674 2675 2693 2692
f 2675 2676 2694 2693
f 2676 2677 2695 2694
f 2677 2678 2696 2695
f 2678 2679 2697 2696
f 2679 2680 2698 2697
f 2680 2681 2699 2698
f 2681 2682 2700 2699
f 2682 2683 2701 2700
f 2683 2684 2702 2701
f 2684 2685 2703 2702
f 2685 2686 2704 2703
f 2686 2687 2705 2704
f 2687 2688 2706 2705
f 2688 2671 2689 2706
f 2689 2690 2708 2707
f 2690 2691 2709 2708
f 2691 2692 2710 2709
f 2692 2693 2711 2710
f 2693 2694 2712 2711
f 2694 2695 2713 2712
f 2695 2696 2714 2713
f 2696 2697 2715 2714
f 2697 2698 2716 2715
f 2698 2699 2717 2716
f 2699 2700 2718 2717
f 2700 2701 2719 2718
f 2701 2702 2720 2719
f 2702 2703 2721 2720
f 2703 2704 2722 2721
f 2704 2705 2723 2722
f 2705 2706 2724 2723
f 2706 2689 2707 2724
f 2707 2708 2726 2725
f 2708 2709 2727 2726
f 2709 2710 2728 2727
f 2710 2711 2729 2728
f 2711 2712 2730 2729
f 2712 2713 2731 2730
f 2713 2714 2732 2731
f 2714 2715 2733 2732
f 2715 2716 2734 2733
f 2716 2717 2735 2734
f 2717 2718 2736 2735
f 2718 2719 2737 2736
f 2719 2720 2738 2737
f 2720 2721 2739 2738
f 2721 2722 2740 2739
f 2722 2723 2741 2740
f 2723 2724 2742 2741
f 2724 2707 2725 2742
f 2725 2726 2744 2743
f 2726 2727 2745 2744
f 2727 2728 2746 2745
f 2728 2729 2747 2746
f 2729 2730 2748 2747
f 2730 2731 2749 2748
f 2731 2732 2750 2749
f 2732 2733 2751 2750
f 2733 2734 2752 2751
f 2734 2735 2753 2752
f 2735 2736 2754 2753
f 2736 2737 2755 2754
f 2737 2738 2756 2755
f 2738 2739 2757 2756
f 2739 2740 2758 2757
f 2740 2741 2759 2758
f 2741 2742 2760 2759
f 2742 2725 2743 2760
f 2743 2744 2762 2761
f 2744 2745 2763 2762
f 2745 2746 2764 2763
f 2746 2747 2765 2764
f 2747 2748 2766 2765
f 2748 2749 2767 2766
f 2749 2750 2768 2767
f 2750 2751 2769 2768
f 2751 2752 2770 2769
f 2752 2753 2771 2770
f 2753 2754 2772 2771
f 2754 2755 2773 2772
f 2755 2756 2774 2773
f 2756 2757 2775 2774
f 2757 2758 2776 2775
f 2758 2759 2777 2776
f 2759 2760 2778 2777
f 2760 2743 2761 2778
f 2761 2762 2780 2779
f 2762 2763 2781 2780
f 2763 2764 2782 2781
f 2764 2765 2783 2782
f 2765 2766 2784 2783
f 2766 2767 2785 2784
f 2767 2768 2786 2785
f 2768 2769 2787 2786
f 2769 2770 2788 2787
f 2770 2771 2789 2788
f 2771 2772 2790 2789
f 2772 2773 2791 2790
f 2773 2774 2792 2791
f 2774 2775 2793 2792
f 2775 2776 2794 2793
f 2776 2777 2795 2794
f 2777 2778 2796 2795
f 2778 2761 2779 2796
f 2779 2780 2798 2797
f 2780 2781 2799 2798
f 2781 2782 2800 2799
f 2782 2783 2801 2800
f 2783 2784 2802 2801
f 2784 2785 2803 2802
f 2785 2786 2804 2803
f 2786 2787 2805 2804
f 2787 2788 2806 2805
f 2788 2789 2807 2806
f 2789 2790 2808 2807
f 2790 2791 2809 2808
f 2791 2792 2810 2809
f 2792 2793 2811 2810
f 2793 2794 2812 2811
f 2794 2795 2813 2812
f 2795 2796 2814 2813
f 2796 2779 2797 2814
f 2797 2798 2816 2815
f 2798 2799 2817 2816
f 2799 2800 2818 2817
f 2800 2801 2819 2818
f 2801 2802 2820 2819
f 2802 2803 2821 2820
f 2803 2804 2822 2821
f 2804 2805 2823 2822
f 2805 2806 2824 2823
f 2806 2807 2825 2824
f 2807 2808 2826 2825
f 2808 2809 2827 2826
f 2809 2810 2828 2827
f 2810 2811 2829 2828
f 2811 2812 2830 2829
f 2812 2813 2831 2830
f 2813 2814 2832 2831
f 2814 2797 2815 2832
